time,open,high,low,close
2026-09-21T18:51:41+00:00,1.10000000,1.10042611,1.09977565,1.10022000
2026-09-21T18:52:41+00:00,1.10022000,1.10050075,1.10009306,1.10044004
2026-09-21T18:53:41+00:00,1.10044004,1.10090508,1.10040292,1.10066013
2026-09-21T18:54:41+00:00,1.10066013,1.10095409,1.10007295,1.10021987
2026-09-21T18:55:41+00:00,1.10021987,1.10047737,1.09929566,1.09933969
2026-09-21T18:56:41+00:00,1.09933969,1.09940971,1.09878476,1.09889995
2026-09-21T18:57:41+00:00,1.09889995,1.09908686,1.09824478,1.09846039
2026-09-21T18:58:41+00:00,1.09846039,1.09936356,1.09822303,1.09933916
2026-09-21T18:59:41+00:00,1.09933916,1.09943878,1.09895435,1.09911929
2026-09-21T19:00:41+00:00,1.09911929,1.09944575,1.09864519,1.09867964
2026-09-21T19:01:41+00:00,1.09867964,1.09927154,1.09856072,1.09911911
2026-09-21T19:02:41+00:00,1.09911911,1.09916504,1.09870263,1.09889929
2026-09-21T19:03:41+00:00,1.09889929,1.09957479,1.09887682,1.09933885
2026-09-21T19:04:41+00:00,1.09933885,1.10031347,1.09919875,1.10021832
2026-09-21T19:05:41+00:00,1.10021832,1.10074851,1.10006365,1.10065841
2026-09-21T19:06:41+00:00,1.10065841,1.10105720,1.10021704,1.10043828
2026-09-21T19:07:41+00:00,1.10043828,1.10148688,1.10027620,1.10131863
2026-09-21T19:08:41+00:00,1.10131863,1.10179226,1.10127365,1.10153889
2026-09-21T19:09:41+00:00,1.10153889,1.10170457,1.10050102,1.10065766
2026-09-21T19:10:41+00:00,1.10065766,1.10090742,1.10049405,1.10087779
2026-09-21T19:11:41+00:00,1.10087779,1.10180410,1.10066637,1.10175849
2026-09-21T19:12:41+00:00,1.10175849,1.10181878,1.10148895,1.10153814
2026-09-21T19:13:41+00:00,1.10153814,1.10156145,1.10108030,1.10109752
2026-09-21T19:14:41+00:00,1.10109752,1.10111602,1.09998439,1.10021664
2026-09-21T19:15:41+00:00,1.10021664,1.10144254,1.10003414,1.10109681
2026-09-21T19:16:41+00:00,1.10109681,1.10116491,1.10065404,1.10087659
2026-09-21T19:17:41+00:00,1.10087659,1.10105946,1.10034348,1.10043624
2026-09-21T19:18:41+00:00,1.10043624,1.10057103,1.09960409,1.09999607
2026-09-21T19:19:41+00:00,1.09999607,1.10069595,1.09997206,1.10043607
2026-09-21T19:20:41+00:00,1.10043607,1.10094150,1.10010148,1.10065616
2026-09-21T19:21:41+00:00,1.10065616,1.10113292,1.10044625,1.10109642
2026-09-21T19:22:41+00:00,1.10109642,1.10130991,1.10069992,1.10087620
2026-09-21T19:23:41+00:00,1.10087620,1.10090857,1.10039782,1.10043585
2026-09-21T19:24:41+00:00,1.10043585,1.10067024,1.09992030,1.09999568
2026-09-21T19:25:41+00:00,1.09999568,1.10003104,1.09934733,1.09955568
2026-09-21T19:26:41+00:00,1.09955568,1.09961428,1.09897947,1.09911586
2026-09-21T19:27:41+00:00,1.09911586,1.09983473,1.09909416,1.09933568
2026-09-21T19:28:41+00:00,1.09933568,1.09988433,1.09807387,1.09845621
2026-09-21T19:29:41+00:00,1.09845621,1.09852637,1.09782461,1.09801683
2026-09-21T19:30:41+00:00,1.09801683,1.09902605,1.09770918,1.09889524
2026-09-21T19:31:41+00:00,1.09889524,1.09895015,1.09839098,1.09845568
2026-09-21T19:32:41+00:00,1.09845568,1.09882177,1.09739424,1.09757692
2026-09-21T19:33:41+00:00,1.09757692,1.09757886,1.09626242,1.09669886
2026-09-21T19:34:41+00:00,1.09669886,1.09698229,1.09629547,1.09647952
2026-09-21T19:35:41+00:00,1.09647952,1.09664136,1.09562330,1.09604093
2026-09-21T19:36:41+00:00,1.09604093,1.09670072,1.09601586,1.09647935
2026-09-21T19:37:41+00:00,1.09647935,1.09678454,1.09641634,1.09669865
2026-09-21T19:38:41+00:00,1.09669865,1.09683920,1.09616173,1.09625997
2026-09-21T19:39:41+00:00,1.09625997,1.09650126,1.09618592,1.09647922
2026-09-21T19:40:41+00:00,1.09647922,1.09672088,1.09607994,1.09625992
2026-09-21T19:41:41+00:00,1.09625992,1.09662673,1.09592436,1.09647917
2026-09-21T19:42:41+00:00,1.09647917,1.09648193,1.09621830,1.09625987
2026-09-21T19:43:41+00:00,1.09625987,1.09733398,1.09625724,1.09713688
2026-09-21T19:44:41+00:00,1.09713688,1.09747929,1.09708981,1.09735631
2026-09-21T19:45:41+00:00,1.09735631,1.09754035,1.09685585,1.09691737
2026-09-21T19:46:41+00:00,1.09691737,1.09729093,1.09690457,1.09713675
2026-09-21T19:47:41+00:00,1.09713675,1.09720016,1.09661697,1.09669790
2026-09-21T19:48:41+00:00,1.09669790,1.09746298,1.09665371,1.09713658
2026-09-21T19:49:41+00:00,1.09713658,1.09715744,1.09654557,1.09669773
2026-09-21T19:50:41+00:00,1.09669773,1.09672776,1.09640998,1.09647839
2026-09-21T19:51:41+00:00,1.09647839,1.09656441,1.09600910,1.09603980
2026-09-21T19:52:41+00:00,1.09603980,1.09632667,1.09569883,1.09625901
2026-09-21T19:53:41+00:00,1.09625901,1.09686019,1.09511125,1.09538200
2026-09-21T19:54:41+00:00,1.09538200,1.09638068,1.09528366,1.09625831
2026-09-21T19:55:41+00:00,1.09625831,1.09683591,1.09612234,1.09669681
2026-09-21T19:56:41+00:00,1.09669681,1.09714612,1.09644041,1.09713549
2026-09-21T19:57:41+00:00,1.09713549,1.09761611,1.09694058,1.09735492
2026-09-21T19:58:41+00:00,1.09735492,1.09866083,1.09726373,1.09823280
2026-09-21T19:59:41+00:00,1.09823280,1.09889495,1.09814875,1.09867209
2026-09-21T20:00:41+00:00,1.09867209,1.09920344,1.09865047,1.09911156
2026-09-21T20:01:41+00:00,1.09911156,1.09929399,1.09862455,1.09867192
2026-09-21T20:02:41+00:00,1.09867192,1.09871018,1.09812305,1.09845219
2026-09-21T20:03:41+00:00,1.09845219,1.09868289,1.09842461,1.09867188
2026-09-21T20:04:41+00:00,1.09867188,1.09877454,1.09840824,1.09845215
2026-09-21T20:05:41+00:00,1.09845215,1.09885989,1.09809008,1.09867184
2026-09-21T20:06:41+00:00,1.09867184,1.09884342,1.09752166,1.09779290
2026-09-21T20:07:41+00:00,1.09779290,1.09781069,1.09733812,1.09757334
2026-09-21T20:08:41+00:00,1.09757334,1.09765842,1.09650115,1.09669528
2026-09-21T20:09:41+00:00,1.09669528,1.09678386,1.09637205,1.09647594
2026-09-21T20:10:41+00:00,1.09647594,1.09761651,1.09631112,1.09735312
2026-09-21T20:11:41+00:00,1.09735312,1.09752379,1.09705888,1.09713365
2026-09-21T20:12:41+00:00,1.09713365,1.09716084,1.09621727,1.09625594
2026-09-21T20:13:41+00:00,1.09625594,1.09701560,1.09608547,1.09669444
2026-09-21T20:14:41+00:00,1.09669444,1.09704226,1.09657622,1.09691378
2026-09-21T20:15:41+00:00,1.09691378,1.09758436,1.09667384,1.09735255
2026-09-21T20:16:41+00:00,1.09735255,1.09744290,1.09637276,1.09647467
2026-09-21T20:17:41+00:00,1.09647467,1.09691855,1.09645315,1.09691326
2026-09-21T20:18:41+00:00,1.09691326,1.09716216,1.09599363,1.09603573
2026-09-21T20:19:41+00:00,1.09603573,1.09660982,1.09576247,1.09625494
2026-09-21T20:20:41+00:00,1.09625494,1.09684401,1.09621898,1.09669344
2026-09-21T20:21:41+00:00,1.09669344,1.09685672,1.09607604,1.09625476
2026-09-21T20:22:41+00:00,1.09625476,1.09650454,1.09584248,1.09603551
2026-09-21T20:23:41+00:00,1.09603551,1.09660424,1.09564438,1.09647392
2026-09-21T20:24:41+00:00,1.09647392,1.09693870,1.09591153,1.09603533
2026-09-21T20:25:41+00:00,1.09603533,1.09606890,1.09544820,1.09559692
2026-09-21T20:26:41+00:00,1.09559692,1.09588120,1.09531505,1.09537780
2026-09-21T20:27:41+00:00,1.09537780,1.09547934,1.09471014,1.09493965
2026-09-21T20:28:41+00:00,1.09493965,1.09507629,1.09424745,1.09450167
2026-09-21T20:29:41+00:00,1.09450167,1.09463072,1.09419371,1.09428277
2026-09-21T20:30:41+00:00,1.09428277,1.09451027,1.09333219,1.09340734
2026-09-21T20:31:41+00:00,1.09340734,1.09358933,1.09239296,1.09253261
2026-09-21T20:32:41+00:00,1.09253261,1.09301089,1.09249952,1.09296962
2026-09-21T20:33:41+00:00,1.09296962,1.09308175,1.09236422,1.09253243
2026-09-21T20:34:41+00:00,1.09253243,1.09276122,1.09229533,1.09231392
2026-09-21T20:35:41+00:00,1.09231392,1.09289572,1.09170156,1.09187699
2026-09-21T20:36:41+00:00,1.09187699,1.09262337,1.09161841,1.09231374
2026-09-21T20:37:41+00:00,1.09231374,1.09256151,1.09204282,1.09209528
2026-09-21T20:38:41+00:00,1.09209528,1.09213640,1.09156294,1.09187686
2026-09-21T20:39:41+00:00,1.09187686,1.09244391,1.09177396,1.09209524
2026-09-21T20:40:41+00:00,1.09209524,1.09304434,1.09204481,1.09296892
2026-09-21T20:41:41+00:00,1.09296892,1.09412732,1.09256074,1.09384330
2026-09-21T20:42:41+00:00,1.09384330,1.09496109,1.09377391,1.09471837
2026-09-21T20:43:41+00:00,1.09471837,1.09582076,1.09458989,1.09559414
2026-09-21T20:44:41+00:00,1.09559414,1.09598661,1.09530631,1.09537502
2026-09-21T20:45:41+00:00,1.09537502,1.09575202,1.09489520,1.09515594
2026-09-21T20:46:41+00:00,1.09515594,1.09523814,1.09454415,1.09493691
2026-09-21T20:47:41+00:00,1.09493691,1.09581582,1.09476343,1.09537488
2026-09-21T20:48:41+00:00,1.09537488,1.09585569,1.09513685,1.09559395
2026-09-21T20:49:41+00:00,1.09559395,1.09648866,1.09554287,1.09647043
2026-09-21T20:50:41+00:00,1.09647043,1.09709419,1.09633546,1.09690902
2026-09-21T20:51:41+00:00,1.09690902,1.09695782,1.09650617,1.09668964
2026-09-21T20:52:41+00:00,1.09668964,1.09727445,1.09667126,1.09712832
2026-09-21T20:53:41+00:00,1.09712832,1.09787795,1.09701234,1.09756717
2026-09-21T20:54:41+00:00,1.09756717,1.09760049,1.09662599,1.09668912
2026-09-21T20:55:41+00:00,1.09668912,1.09759547,1.09660193,1.09756647
2026-09-21T20:56:41+00:00,1.09756647,1.09833802,1.09748466,1.09800550
2026-09-21T20:57:41+00:00,1.09800550,1.09805905,1.09739691,1.09778590
2026-09-21T20:58:41+00:00,1.09778590,1.09800580,1.09770379,1.09800546
2026-09-21T20:59:41+00:00,1.09800546,1.09812179,1.09693363,1.09712706
2026-09-21T21:00:41+00:00,1.09712706,1.09767068,1.09688965,1.09756591
2026-09-21T21:01:41+00:00,1.09756591,1.09782338,1.09731564,1.09734640
2026-09-21T21:02:41+00:00,1.09734640,1.09744787,1.09646204,1.09646852
2026-09-21T21:03:41+00:00,1.09646852,1.09717590,1.09606840,1.09690711
2026-09-21T21:04:41+00:00,1.09690711,1.09698003,1.09660583,1.09668773
2026-09-21T21:05:41+00:00,1.09668773,1.09677315,1.09628199,1.09646839
2026-09-21T21:06:41+00:00,1.09646839,1.09688337,1.09615517,1.09668768
2026-09-21T21:07:41+00:00,1.09668768,1.09689208,1.09571316,1.09581033
2026-09-21T21:08:41+00:00,1.09581033,1.09582145,1.09522298,1.09537201
2026-09-21T21:09:41+00:00,1.09537201,1.09559946,1.09512528,1.09559108
2026-09-21T21:10:41+00:00,1.09559108,1.09658590,1.09554502,1.09646755
2026-09-21T21:11:41+00:00,1.09646755,1.09723889,1.09629887,1.09690614
2026-09-21T21:12:41+00:00,1.09690614,1.09730292,1.09657166,1.09712552
2026-09-21T21:13:41+00:00,1.09712552,1.09722862,1.09604669,1.09624782
2026-09-21T21:14:41+00:00,1.09624782,1.09690852,1.09585006,1.09668632
2026-09-21T21:15:41+00:00,1.09668632,1.09734760,1.09665567,1.09690566
2026-09-21T21:16:41+00:00,1.09690566,1.09732188,1.09594000,1.09602814
2026-09-21T21:17:41+00:00,1.09602814,1.09696699,1.09593455,1.09690496
2026-09-21T21:18:41+00:00,1.09690496,1.09746897,1.09671721,1.09734372
2026-09-21T21:19:41+00:00,1.09734372,1.09760633,1.09697823,1.09756319
2026-09-21T21:20:41+00:00,1.09756319,1.09873382,1.09747602,1.09844124
2026-09-21T21:21:41+00:00,1.09844124,1.09941977,1.09844059,1.09931999
2026-09-21T21:22:41+00:00,1.09931999,1.09949432,1.09842797,1.09844053
2026-09-21T21:23:41+00:00,1.09844053,1.09854055,1.09810297,1.09822084
2026-09-21T21:24:41+00:00,1.09822084,1.09859630,1.09818023,1.09844048
2026-09-21T21:25:41+00:00,1.09844048,1.09936726,1.09820968,1.09931923
2026-09-21T21:26:41+00:00,1.09931923,1.10028894,1.09912142,1.10019869
2026-09-21T21:27:41+00:00,1.10019869,1.10076034,1.10018916,1.10041873
2026-09-21T21:28:41+00:00,1.10041873,1.10060197,1.10017971,1.10019865
2026-09-21T21:29:41+00:00,1.10019865,1.10050801,1.09945021,1.09975857
2026-09-21T21:30:41+00:00,1.09975857,1.10105427,1.09971229,1.10063838
2026-09-21T21:31:41+00:00,1.10063838,1.10075376,1.10039259,1.10041825
2026-09-21T21:32:41+00:00,1.10041825,1.10065898,1.09993572,1.10019817
2026-09-21T21:33:41+00:00,1.10019817,1.10037032,1.09930097,1.09931801
2026-09-21T21:34:41+00:00,1.09931801,1.09961537,1.09875710,1.09887828
2026-09-21T21:35:41+00:00,1.09887828,1.10025895,1.09870921,1.09975738
2026-09-21T21:36:41+00:00,1.09975738,1.09984868,1.09853163,1.09887757
2026-09-21T21:37:41+00:00,1.09887757,1.09903802,1.09846883,1.09865779
2026-09-21T21:38:41+00:00,1.09865779,1.09982885,1.09841815,1.09953672
2026-09-21T21:39:41+00:00,1.09953672,1.09972473,1.09897626,1.09931681
2026-09-21T21:40:41+00:00,1.09931681,1.10069333,1.09926101,1.10019626
2026-09-21T21:41:41+00:00,1.10019626,1.10030725,1.09976864,1.09997622
2026-09-21T21:42:41+00:00,1.09997622,1.10023163,1.09881998,1.09909624
2026-09-21T21:43:41+00:00,1.09909624,1.09957808,1.09908084,1.09953588
2026-09-21T21:44:41+00:00,1.09953588,1.10030588,1.09935551,1.09997569
2026-09-21T21:45:41+00:00,1.09997569,1.10009691,1.09894013,1.09909571
2026-09-21T21:46:41+00:00,1.09909571,1.09917485,1.09819120,1.09821643
2026-09-21T21:47:41+00:00,1.09821643,1.09850779,1.09807962,1.09843607
2026-09-21T21:48:41+00:00,1.09843607,1.09949490,1.09836777,1.09931482
2026-09-21T21:49:41+00:00,1.09931482,1.09961288,1.09893700,1.09953468
2026-09-21T21:50:41+00:00,1.09953468,1.10056709,1.09928076,1.10041431
2026-09-21T21:51:41+00:00,1.10041431,1.10090124,1.10005185,1.10019423
2026-09-21T21:52:41+00:00,1.10019423,1.10026738,1.09986081,1.09997419
2026-09-21T21:53:41+00:00,1.09997419,1.10116226,1.09982378,1.10085417
2026-09-21T21:54:41+00:00,1.10085417,1.10135101,1.10057068,1.10063400
2026-09-21T21:55:41+00:00,1.10063400,1.10109583,1.10046018,1.10085413
2026-09-21T21:56:41+00:00,1.10085413,1.10173832,1.10049771,1.10173481
2026-09-21T21:57:41+00:00,1.10173481,1.10186389,1.10138817,1.10151446
2026-09-21T21:58:41+00:00,1.10151446,1.10203448,1.10149147,1.10195507
2026-09-21T21:59:41+00:00,1.10195507,1.10253535,1.10178235,1.10239585
2026-09-21T22:00:41+00:00,1.10239585,1.10283861,1.10217635,1.10283681
2026-09-21T22:01:41+00:00,1.10283681,1.10387894,1.10253897,1.10371908
2026-09-21T22:02:41+00:00,1.10371908,1.10377471,1.10343914,1.10349834
2026-09-21T22:03:41+00:00,1.10349834,1.10371403,1.10241768,1.10261554
2026-09-21T22:04:41+00:00,1.10261554,1.10290317,1.10186050,1.10217449
2026-09-21T22:05:41+00:00,1.10217449,1.10225200,1.10122954,1.10129275
2026-09-21T22:06:41+00:00,1.10129275,1.10200670,1.10113709,1.10173327
2026-09-21T22:07:41+00:00,1.10173327,1.10283175,1.10160657,1.10261466
2026-09-21T22:08:41+00:00,1.10261466,1.10273811,1.10215447,1.10217361
2026-09-21T22:09:41+00:00,1.10217361,1.10221949,1.10110893,1.10129187
2026-09-21T22:10:41+00:00,1.10129187,1.10143450,1.10040733,1.10041084
2026-09-21T22:11:41+00:00,1.10041084,1.10095382,1.10015561,1.10063092
2026-09-21T22:12:41+00:00,1.10063092,1.10161889,1.10040604,1.10151142
2026-09-21T22:13:41+00:00,1.10151142,1.10156685,1.10103299,1.10129112
2026-09-21T22:14:41+00:00,1.10129112,1.10194604,1.10098147,1.10151138
2026-09-21T22:15:41+00:00,1.10151138,1.10180503,1.10107005,1.10107078
2026-09-21T22:16:41+00:00,1.10107078,1.10120804,1.10010084,1.10018992
2026-09-21T22:17:41+00:00,1.10018992,1.10053458,1.09969471,1.09974984
2026-09-21T22:18:41+00:00,1.09974984,1.10019756,1.09940301,1.10018974
2026-09-21T22:19:41+00:00,1.10018974,1.10027872,1.09962876,1.09974966
2026-09-21T22:20:41+00:00,1.09974966,1.10027194,1.09950341,1.10018956
2026-09-21T22:21:41+00:00,1.10018956,1.10040015,1.09903363,1.09930941
2026-09-21T22:22:41+00:00,1.09930941,1.09981554,1.09902593,1.09974913
2026-09-21T22:23:41+00:00,1.09974913,1.09976488,1.09921942,1.09930923
2026-09-21T22:24:41+00:00,1.09930923,1.09990719,1.09897224,1.09974895
2026-09-21T22:25:41+00:00,1.09974895,1.10044419,1.09950049,1.09996890
2026-09-21T22:26:41+00:00,1.09996890,1.10032522,1.09900812,1.09908892
2026-09-21T22:27:41+00:00,1.09908892,1.09909241,1.09806944,1.09820965
2026-09-21T22:28:41+00:00,1.09820965,1.09848527,1.09813148,1.09842929
2026-09-21T22:29:41+00:00,1.09842929,1.09934468,1.09836664,1.09930803
2026-09-21T22:30:41+00:00,1.09930803,1.09976653,1.09926264,1.09974775
2026-09-21T22:31:41+00:00,1.09974775,1.09983760,1.09923870,1.09930785
2026-09-21T22:32:41+00:00,1.09930785,1.09997341,1.09927837,1.09974757
2026-09-21T22:33:41+00:00,1.09974757,1.09996781,1.09929610,1.09930767
2026-09-21T22:34:41+00:00,1.09930767,1.09936243,1.09879296,1.09908781
2026-09-21T22:35:41+00:00,1.09908781,1.09936286,1.09835531,1.09864817
2026-09-21T22:36:41+00:00,1.09864817,1.09869820,1.09801799,1.09820871
2026-09-21T22:37:41+00:00,1.09820871,1.09829783,1.09786192,1.09798907
2026-09-21T22:38:41+00:00,1.09798907,1.09822667,1.09746254,1.09776947
2026-09-21T22:39:41+00:00,1.09776947,1.09793405,1.09717951,1.09733036
2026-09-21T22:40:41+00:00,1.09733036,1.09756918,1.09705635,1.09754983
2026-09-21T22:41:41+00:00,1.09754983,1.09827756,1.09747213,1.09798885
2026-09-21T22:42:41+00:00,1.09798885,1.09823509,1.09773093,1.09820845
2026-09-21T22:43:41+00:00,1.09820845,1.09916468,1.09795086,1.09908702
2026-09-21T22:44:41+00:00,1.09908702,1.09961289,1.09905138,1.09930684
2026-09-21T22:45:41+00:00,1.09930684,1.10031183,1.09897115,1.10018629
2026-09-21T22:46:41+00:00,1.10018629,1.10075244,1.09990968,1.10062636
2026-09-21T22:47:41+00:00,1.10062636,1.10114319,1.10053632,1.10106661
2026-09-21T22:48:41+00:00,1.10106661,1.10110426,1.10006117,1.10018576
2026-09-21T22:49:41+00:00,1.10018576,1.10029726,1.09923627,1.09930561
2026-09-21T22:50:41+00:00,1.09930561,1.09952883,1.09914450,1.09952547
2026-09-21T22:51:41+00:00,1.09952547,1.09954902,1.09856185,1.09864585
2026-09-21T22:52:41+00:00,1.09864585,1.09911334,1.09853178,1.09886558
2026-09-21T22:53:41+00:00,1.09886558,1.09900989,1.09842714,1.09864581
2026-09-21T22:54:41+00:00,1.09864581,1.09903529,1.09723059,1.09776689
2026-09-21T22:55:41+00:00,1.09776689,1.09782064,1.09708226,1.09754734
2026-09-21T22:56:41+00:00,1.09754734,1.09770100,1.09728814,1.09732783
2026-09-21T22:57:41+00:00,1.09732783,1.09825706,1.09728744,1.09820569
2026-09-21T22:58:41+00:00,1.09820569,1.09832915,1.09761070,1.09776641
2026-09-21T22:59:41+00:00,1.09776641,1.09909644,1.09727740,1.09864462
2026-09-21T23:00:41+00:00,1.09864462,1.09881949,1.09841923,1.09842489
2026-09-21T23:01:41+00:00,1.09842489,1.09845346,1.09801897,1.09820521
2026-09-21T23:02:41+00:00,1.09820521,1.09908892,1.09793786,1.09908377
2026-09-21T23:03:41+00:00,1.09908377,1.09932223,1.09854991,1.09930359
2026-09-21T23:04:41+00:00,1.09930359,1.09999137,1.09913822,1.09974331
2026-09-21T23:05:41+00:00,1.09974331,1.09975464,1.09931892,1.09952336
2026-09-21T23:06:41+00:00,1.09952336,1.10021319,1.09947381,1.09996317
2026-09-21T23:07:41+00:00,1.09996317,1.10027568,1.09880061,1.09908320
2026-09-21T23:08:41+00:00,1.09908320,1.09944300,1.09792757,1.09820393
2026-09-21T23:09:41+00:00,1.09820393,1.09888840,1.09790848,1.09864321
2026-09-21T23:10:41+00:00,1.09864321,1.09965673,1.09854291,1.09952212
2026-09-21T23:11:41+00:00,1.09952212,1.09993614,1.09950141,1.09974202
2026-09-21T23:12:41+00:00,1.09974202,1.09992124,1.09882646,1.09886223
2026-09-21T23:13:41+00:00,1.09886223,1.09896365,1.09835113,1.09842269
2026-09-21T23:14:41+00:00,1.09842269,1.09896909,1.09841963,1.09886206
2026-09-21T23:15:41+00:00,1.09886206,1.09909571,1.09880810,1.09908183
2026-09-21T23:16:41+00:00,1.09908183,1.09938255,1.09871743,1.09886201
2026-09-21T23:17:41+00:00,1.09886201,1.09897699,1.09848520,1.09864224
2026-09-21T23:18:41+00:00,1.09864224,1.09887734,1.09832791,1.09886197
2026-09-21T23:19:41+00:00,1.09886197,1.09951977,1.09872143,1.09930151
2026-09-21T23:20:41+00:00,1.09930151,1.10052953,1.09902628,1.10018095
2026-09-21T23:21:41+00:00,1.10018095,1.10076554,1.10009943,1.10040099
2026-09-21T23:22:41+00:00,1.10040099,1.10152359,1.10022104,1.10128131
2026-09-21T23:23:41+00:00,1.10128131,1.10157028,1.10031925,1.10040028
2026-09-21T23:24:41+00:00,1.10040028,1.10076899,1.09932561,1.09951996
2026-09-21T23:25:41+00:00,1.09951996,1.09954562,1.09893866,1.09908015
2026-09-21T23:26:41+00:00,1.09908015,1.09998614,1.09877763,1.09995941
2026-09-21T23:27:41+00:00,1.09995941,1.09999453,1.09890694,1.09907944
2026-09-21T23:28:41+00:00,1.09907944,1.09958973,1.09846529,1.09885962
2026-09-21T23:29:41+00:00,1.09885962,1.09899144,1.09859455,1.09863985
2026-09-21T23:30:41+00:00,1.09863985,1.09886367,1.09857534,1.09885958
2026-09-21T23:31:41+00:00,1.09885958,1.09913177,1.09796243,1.09798049
2026-09-21T23:32:41+00:00,1.09798049,1.09849137,1.09787088,1.09841968
2026-09-21T23:33:41+00:00,1.09841968,1.09864245,1.09748266,1.09754094
2026-09-21T23:34:41+00:00,1.09754094,1.09755169,1.09686891,1.09710192
2026-09-21T23:35:41+00:00,1.09710192,1.09806362,1.09673806,1.09754076
2026-09-21T23:36:41+00:00,1.09754076,1.09824867,1.09752588,1.09797978
2026-09-21T23:37:41+00:00,1.09797978,1.09803513,1.09700498,1.09710140
2026-09-21T23:38:41+00:00,1.09710140,1.09728910,1.09649257,1.09666256
2026-09-21T23:39:41+00:00,1.09666256,1.09702951,1.09640052,1.09644323
2026-09-21T23:40:41+00:00,1.09644323,1.09644446,1.09595826,1.09600465
2026-09-21T23:41:41+00:00,1.09600465,1.09700067,1.09576044,1.09688145
2026-09-21T23:42:41+00:00,1.09688145,1.09794946,1.09682113,1.09775896
2026-09-21T23:43:41+00:00,1.09775896,1.09797238,1.09710953,1.09731986
2026-09-21T23:44:41+00:00,1.09731986,1.09823524,1.09698208,1.09819772
2026-09-21T23:45:41+00:00,1.09819772,1.09893550,1.09808366,1.09863700
2026-09-21T23:46:41+00:00,1.09863700,1.09881297,1.09804273,1.09819755
2026-09-21T23:47:41+00:00,1.09819755,1.09877713,1.09812849,1.09863683
2026-09-21T23:48:41+00:00,1.09863683,1.09868336,1.09753710,1.09775792
2026-09-21T23:49:41+00:00,1.09775792,1.09783327,1.09748333,1.09753837
2026-09-21T23:50:41+00:00,1.09753837,1.09757390,1.09687145,1.09731886
2026-09-21T23:51:41+00:00,1.09731886,1.09802447,1.09685479,1.09775779
2026-09-21T23:52:41+00:00,1.09775779,1.09805812,1.09758894,1.09797734
2026-09-21T23:53:41+00:00,1.09797734,1.09829205,1.09735640,1.09819694
2026-09-21T23:54:41+00:00,1.09819694,1.09848786,1.09693847,1.09731838
2026-09-21T23:55:41+00:00,1.09731838,1.09732460,1.09694036,1.09709892
2026-09-21T23:56:41+00:00,1.09709892,1.09731857,1.09655761,1.09666008
2026-09-21T23:57:41+00:00,1.09666008,1.09680406,1.09602832,1.09622142
2026-09-21T23:58:41+00:00,1.09622142,1.09680627,1.09611190,1.09644066
2026-09-21T23:59:41+00:00,1.09644066,1.09677398,1.09642883,1.09665995
2026-09-22T00:00:41+00:00,1.09665995,1.09676611,1.09634319,1.09644062
2026-09-22T00:01:41+00:00,1.09644062,1.09681862,1.09626893,1.09665991
2026-09-22T00:02:41+00:00,1.09665991,1.09687958,1.09661861,1.09687924
2026-09-22T00:03:41+00:00,1.09687924,1.09760742,1.09660381,1.09731799
2026-09-22T00:04:41+00:00,1.09731799,1.09749594,1.09703115,1.09709853
2026-09-22T00:05:41+00:00,1.09709853,1.09732234,1.09686205,1.09687911
2026-09-22T00:06:41+00:00,1.09687911,1.09733250,1.09641997,1.09709849
2026-09-22T00:07:41+00:00,1.09709849,1.09784885,1.09681376,1.09753733
2026-09-22T00:08:41+00:00,1.09753733,1.09758192,1.09707117,1.09709832
2026-09-22T00:09:41+00:00,1.09709832,1.09714918,1.09612798,1.09622064
2026-09-22T00:10:41+00:00,1.09622064,1.09672812,1.09604455,1.09665913
2026-09-22T00:11:41+00:00,1.09665913,1.09697300,1.09661810,1.09687846
2026-09-22T00:12:41+00:00,1.09687846,1.09732140,1.09652615,1.09731721
2026-09-22T00:13:41+00:00,1.09731721,1.09763363,1.09730558,1.09753667
2026-09-22T00:14:41+00:00,1.09753667,1.09763978,1.09697987,1.09709766
2026-09-22T00:15:41+00:00,1.09709766,1.09767095,1.09706226,1.09753650
2026-09-22T00:16:41+00:00,1.09753650,1.09815592,1.09732222,1.09797551
2026-09-22T00:17:41+00:00,1.09797551,1.09911844,1.09767801,1.09885389
2026-09-22T00:18:41+00:00,1.09885389,1.09919191,1.09884579,1.09907366
2026-09-22T00:19:41+00:00,1.09907366,1.09932421,1.09833203,1.09885385
2026-09-22T00:20:41+00:00,1.09885385,1.09900607,1.09750662,1.09797477
2026-09-22T00:21:41+00:00,1.09797477,1.09826997,1.09773720,1.09819436
2026-09-22T00:22:41+00:00,1.09819436,1.09868661,1.09785238,1.09863364
2026-09-22T00:23:41+00:00,1.09863364,1.09876655,1.09761639,1.09775473
2026-09-22T00:24:41+00:00,1.09775473,1.09782039,1.09724224,1.09731563
2026-09-22T00:25:41+00:00,1.09731563,1.09823075,1.09712638,1.09819348
2026-09-22T00:26:41+00:00,1.09819348,1.09825061,1.09756548,1.09775420
2026-09-22T00:27:41+00:00,1.09775420,1.09777029,1.09729934,1.09731510
2026-09-22T00:28:41+00:00,1.09731510,1.09733545,1.09665639,1.09687617
2026-09-22T00:29:41+00:00,1.09687617,1.09796759,1.09669695,1.09775367
2026-09-22T00:30:41+00:00,1.09775367,1.09840637,1.09750970,1.09797322
2026-09-22T00:31:41+00:00,1.09797322,1.09799950,1.09704195,1.09709484
2026-09-22T00:32:41+00:00,1.09709484,1.09778098,1.09708862,1.09753368
2026-09-22T00:33:41+00:00,1.09753368,1.09783542,1.09682576,1.09709467
2026-09-22T00:34:41+00:00,1.09709467,1.09819066,1.09676248,1.09797235
2026-09-22T00:35:41+00:00,1.09797235,1.09844504,1.09785345,1.09841154
2026-09-22T00:36:41+00:00,1.09841154,1.09844930,1.09814583,1.09819186
2026-09-22T00:37:41+00:00,1.09819186,1.09832050,1.09771079,1.09797222
2026-09-22T00:38:41+00:00,1.09797222,1.09842292,1.09789508,1.09841141
2026-09-22T00:39:41+00:00,1.09841141,1.09856073,1.09789947,1.09797205
2026-09-22T00:40:41+00:00,1.09797205,1.09801459,1.09733705,1.09753286
2026-09-22T00:41:41+00:00,1.09753286,1.09780837,1.09651042,1.09665483
2026-09-22T00:42:41+00:00,1.09665483,1.09683765,1.09594054,1.09621617
2026-09-22T00:43:41+00:00,1.09621617,1.09651929,1.09577576,1.09643541
2026-09-22T00:44:41+00:00,1.09643541,1.09681665,1.09586552,1.09599684
2026-09-22T00:45:41+00:00,1.09599684,1.09632652,1.09595256,1.09621604
2026-09-22T00:46:41+00:00,1.09621604,1.09721289,1.09604134,1.09709301
2026-09-22T00:47:41+00:00,1.09709301,1.09814221,1.09676954,1.09797068
2026-09-22T00:48:41+00:00,1.09797068,1.09909698,1.09783506,1.09884906
2026-09-22T00:49:41+00:00,1.09884906,1.09941218,1.09876975,1.09928860
2026-09-22T00:50:41+00:00,1.09928860,1.09980481,1.09917103,1.09972832
2026-09-22T00:51:41+00:00,1.09972832,1.09973756,1.09876241,1.09950837
2026-09-22T00:52:41+00:00,1.09950837,1.09995833,1.09937793,1.09994817
2026-09-22T00:53:41+00:00,1.09994817,1.10001263,1.09932278,1.09972818
2026-09-22T00:54:41+00:00,1.09972818,1.10025319,1.09956160,1.10016807
2026-09-22T00:55:41+00:00,1.10016807,1.10026551,1.09983860,1.09994804
2026-09-22T00:56:41+00:00,1.09994804,1.10024748,1.09970456,1.10016803
2026-09-22T00:57:41+00:00,1.10016803,1.10046321,1.09874726,1.09928790
2026-09-22T00:58:41+00:00,1.09928790,1.10023829,1.09919090,1.10016733
2026-09-22T00:59:41+00:00,1.10016733,1.10047226,1.10012385,1.10038736
2026-09-22T01:00:41+00:00,1.10038736,1.10140935,1.09984806,1.10126767
2026-09-22T01:01:41+00:00,1.10126767,1.10134828,1.10058360,1.10082716
2026-09-22T01:02:41+00:00,1.10082716,1.10108782,1.10046921,1.10060699
2026-09-22T01:03:41+00:00,1.10060699,1.10101935,1.10060005,1.10082711
2026-09-22T01:04:41+00:00,1.10082711,1.10084966,1.10060683,1.10060694
2026-09-22T01:05:41+00:00,1.10060694,1.10177112,1.10026483,1.10148743
2026-09-22T01:06:41+00:00,1.10148743,1.10149589,1.10101143,1.10104684
2026-09-22T01:07:41+00:00,1.10104684,1.10144145,1.10013610,1.10016600
2026-09-22T01:08:41+00:00,1.10016600,1.10062574,1.10000689,1.10060607
2026-09-22T01:09:41+00:00,1.10060607,1.10071517,1.10031627,1.10038595
2026-09-22T01:10:41+00:00,1.10038595,1.10041020,1.09958496,1.09994580
2026-09-22T01:11:41+00:00,1.09994580,1.10087546,1.09984981,1.10082576
2026-09-22T01:12:41+00:00,1.10082576,1.10086448,1.10005743,1.10038543
2026-09-22T01:13:41+00:00,1.10038543,1.10063647,1.09905331,1.09950512
2026-09-22T01:14:41+00:00,1.09950512,1.10002594,1.09944200,1.09972502
2026-09-22T01:15:41+00:00,1.09972502,1.09992591,1.09922596,1.09928513
2026-09-22T01:16:41+00:00,1.09928513,1.09988997,1.09923709,1.09950499
2026-09-22T01:17:41+00:00,1.09950499,1.10028064,1.09924897,1.09972489
2026-09-22T01:18:41+00:00,1.09972489,1.09975738,1.09908921,1.09928500
2026-09-22T01:19:41+00:00,1.09928500,1.09969645,1.09879583,1.09884529
2026-09-22T01:20:41+00:00,1.09884529,1.09910500,1.09882309,1.09906506
2026-09-22T01:21:41+00:00,1.09906506,1.09928672,1.09862747,1.09884525
2026-09-22T01:22:41+00:00,1.09884525,1.09929490,1.09779928,1.09796617
2026-09-22T01:23:41+00:00,1.09796617,1.09799856,1.09690230,1.09708780
2026-09-22T01:24:41+00:00,1.09708780,1.09785763,1.09666781,1.09752664
2026-09-22T01:25:41+00:00,1.09752664,1.09785211,1.09735993,1.09774615
2026-09-22T01:26:41+00:00,1.09774615,1.09797724,1.09744599,1.09796570
2026-09-22T01:27:41+00:00,1.09796570,1.09854069,1.09780813,1.09840489
2026-09-22T01:28:41+00:00,1.09840489,1.09880739,1.09794317,1.09818521
2026-09-22T01:29:41+00:00,1.09818521,1.09862886,1.09791940,1.09796557
2026-09-22T01:30:41+00:00,1.09796557,1.09803171,1.09746320,1.09752638
2026-09-22T01:31:41+00:00,1.09752638,1.09769228,1.09655521,1.09664836
2026-09-22T01:32:41+00:00,1.09664836,1.09667287,1.09561970,1.09577104
2026-09-22T01:33:41+00:00,1.09577104,1.09622686,1.09576780,1.09620935
2026-09-22T01:34:41+00:00,1.09620935,1.09662215,1.09603629,1.09642859
2026-09-22T01:35:41+00:00,1.09642859,1.09669134,1.09622233,1.09664788
2026-09-22T01:36:41+00:00,1.09664788,1.09778725,1.09648617,1.09752520
2026-09-22T01:37:41+00:00,1.09752520,1.09797380,1.09703593,1.09774471
2026-09-22T01:38:41+00:00,1.09774471,1.09845593,1.09774018,1.09818381
2026-09-22T01:39:41+00:00,1.09818381,1.09825237,1.09707440,1.09730526
2026-09-22T01:40:41+00:00,1.09730526,1.09748487,1.09609900,1.09642742
2026-09-22T01:41:41+00:00,1.09642742,1.09662977,1.09610932,1.09620813
2026-09-22T01:42:41+00:00,1.09620813,1.09650531,1.09572291,1.09576965
2026-09-22T01:43:41+00:00,1.09576965,1.09598619,1.09521691,1.09533134
2026-09-22T01:44:41+00:00,1.09533134,1.09533246,1.09487323,1.09511227
2026-09-22T01:45:41+00:00,1.09511227,1.09574294,1.09494489,1.09533129
2026-09-22T01:46:41+00:00,1.09533129,1.09630546,1.09513803,1.09620756
2026-09-22T01:47:41+00:00,1.09620756,1.09675872,1.09617579,1.09664604
2026-09-22T01:48:41+00:00,1.09664604,1.09680468,1.09616245,1.09620738
2026-09-22T01:49:41+00:00,1.09620738,1.09637952,1.09585746,1.09598814
2026-09-22T01:50:41+00:00,1.09598814,1.09707248,1.09561903,1.09686493
2026-09-22T01:51:41+00:00,1.09686493,1.09776209,1.09678952,1.09774242
2026-09-22T01:52:41+00:00,1.09774242,1.09816363,1.09706429,1.09730332
2026-09-22T01:53:41+00:00,1.09730332,1.09761505,1.09700899,1.09708386
2026-09-22T01:54:41+00:00,1.09708386,1.09797629,1.09684562,1.09796153
2026-09-22T01:55:41+00:00,1.09796153,1.09824397,1.09770923,1.09818112
2026-09-22T01:56:41+00:00,1.09818112,1.09905580,1.09799598,1.09862039
2026-09-22T01:57:41+00:00,1.09862039,1.09881300,1.09776289,1.09818094
2026-09-22T01:58:41+00:00,1.09818094,1.09823014,1.09757497,1.09774167
2026-09-22T01:59:41+00:00,1.09774167,1.09781805,1.09668381,1.09686348
2026-09-22T02:00:41+00:00,1.09686348,1.09710040,1.09634810,1.09642473
2026-09-22T02:01:41+00:00,1.09642473,1.09749819,1.09633955,1.09730187
2026-09-22T02:02:41+00:00,1.09730187,1.09737468,1.09689831,1.09708241
2026-09-22T02:03:41+00:00,1.09708241,1.09708415,1.09644073,1.09664358
2026-09-22T02:04:41+00:00,1.09664358,1.09692522,1.09567880,1.09576627
2026-09-22T02:05:41+00:00,1.09576627,1.09587458,1.09526463,1.09532796
2026-09-22T02:06:41+00:00,1.09532796,1.09636501,1.09516584,1.09620422
2026-09-22T02:07:41+00:00,1.09620422,1.09639317,1.09594725,1.09598498
2026-09-22T02:08:41+00:00,1.09598498,1.09614466,1.09513405,1.09576578
2026-09-22T02:09:41+00:00,1.09576578,1.09589708,1.09510698,1.09554663
2026-09-22T02:10:41+00:00,1.09554663,1.09626423,1.09539741,1.09598485
2026-09-22T02:11:41+00:00,1.09598485,1.09634793,1.09509009,1.09510806
2026-09-22T02:12:41+00:00,1.09510806,1.09528468,1.09382519,1.09423197
2026-09-22T02:13:41+00:00,1.09423197,1.09470472,1.09370047,1.09401312
2026-09-22T02:14:41+00:00,1.09401312,1.09439952,1.09378378,1.09423192
2026-09-22T02:15:41+00:00,1.09423192,1.09522337,1.09392501,1.09510731
2026-09-22T02:16:41+00:00,1.09510731,1.09531059,1.09482909,1.09488829
2026-09-22T02:17:41+00:00,1.09488829,1.09513385,1.09412417,1.09445033
2026-09-22T02:18:41+00:00,1.09445033,1.09448235,1.09412228,1.09423144
2026-09-22T02:19:41+00:00,1.09423144,1.09512080,1.09397499,1.09510683
2026-09-22T02:20:41+00:00,1.09510683,1.09512236,1.09461153,1.09488781
2026-09-22T02:21:41+00:00,1.09488781,1.09537201,1.09474513,1.09510679
2026-09-22T02:22:41+00:00,1.09510679,1.09519907,1.09460494,1.09466875
2026-09-22T02:23:41+00:00,1.09466875,1.09525954,1.09434572,1.09510662
2026-09-22T02:24:41+00:00,1.09510662,1.09631296,1.09507974,1.09598271
2026-09-22T02:25:41+00:00,1.09598271,1.09609550,1.09527101,1.09554432
2026-09-22T02:26:41+00:00,1.09554432,1.09563845,1.09516968,1.09532521
2026-09-22T02:27:41+00:00,1.09532521,1.09544844,1.09431939,1.09444895
2026-09-22T02:28:41+00:00,1.09444895,1.09469922,1.09423746,1.09466784
2026-09-22T02:29:41+00:00,1.09466784,1.09492690,1.09459169,1.09488677
2026-09-22T02:30:41+00:00,1.09488677,1.09541466,1.09464355,1.09510575
2026-09-22T02:31:41+00:00,1.09510575,1.09536899,1.09421788,1.09422967
2026-09-22T02:32:41+00:00,1.09422967,1.09424480,1.09398003,1.09401082
2026-09-22T02:33:41+00:00,1.09401082,1.09408677,1.09343942,1.09357322
2026-09-22T02:34:41+00:00,1.09357322,1.09358304,1.09291226,1.09313579
2026-09-22T02:35:41+00:00,1.09313579,1.09332684,1.09266415,1.09269854
2026-09-22T02:36:41+00:00,1.09269854,1.09296045,1.09221012,1.09248000
2026-09-22T02:37:41+00:00,1.09248000,1.09298821,1.09232009,1.09291699
2026-09-22T02:38:41+00:00,1.09291699,1.09371253,1.09256466,1.09335416
2026-09-22T02:39:41+00:00,1.09335416,1.09448218,1.09295857,1.09422884
2026-09-22T02:40:41+00:00,1.09422884,1.09477982,1.09415510,1.09466653
2026-09-22T02:41:41+00:00,1.09466653,1.09491195,1.09433283,1.09444760
2026-09-22T02:42:41+00:00,1.09444760,1.09550275,1.09444517,1.09532316
2026-09-22T02:43:41+00:00,1.09532316,1.09627244,1.09523859,1.09619942
2026-09-22T02:44:41+00:00,1.09619942,1.09637101,1.09527369,1.09532246
2026-09-22T02:45:41+00:00,1.09532246,1.09573980,1.09486609,1.09510340
2026-09-22T02:46:41+00:00,1.09510340,1.09532852,1.09481008,1.09488438
2026-09-22T02:47:41+00:00,1.09488438,1.09551313,1.09452737,1.09510336
2026-09-22T02:48:41+00:00,1.09510336,1.09602349,1.09488408,1.09597944
2026-09-22T02:49:41+00:00,1.09597944,1.09625686,1.09539990,1.09554105
2026-09-22T02:50:41+00:00,1.09554105,1.09664617,1.09541394,1.09641748
2026-09-22T02:51:41+00:00,1.09641748,1.09667052,1.09617488,1.09619820
2026-09-22T02:52:41+00:00,1.09619820,1.09629445,1.09569762,1.09575972
2026-09-22T02:53:41+00:00,1.09575972,1.09629616,1.09567833,1.09619802
2026-09-22T02:54:41+00:00,1.09619802,1.09679179,1.09614752,1.09641726
2026-09-22T02:55:41+00:00,1.09641726,1.09642823,1.09618650,1.09619798
2026-09-22T02:56:41+00:00,1.09619798,1.09636581,1.09528219,1.09532102
2026-09-22T02:57:41+00:00,1.09532102,1.09588990,1.09521040,1.09554008
2026-09-22T02:58:41+00:00,1.09554008,1.09601691,1.09552548,1.09597830
2026-09-22T02:59:41+00:00,1.09597830,1.09599157,1.09539952,1.09553991
2026-09-22T03:00:41+00:00,1.09553991,1.09622806,1.09547511,1.09597813
2026-09-22T03:01:41+00:00,1.09597813,1.09607943,1.09543110,1.09575893
2026-09-22T03:02:41+00:00,1.09575893,1.09671256,1.09572582,1.09663554
2026-09-22T03:03:41+00:00,1.09663554,1.09743558,1.09627017,1.09707419
2026-09-22T03:04:41+00:00,1.09707419,1.09752365,1.09704089,1.09729360
2026-09-22T03:05:41+00:00,1.09729360,1.09739477,1.09627604,1.09641577
2026-09-22T03:06:41+00:00,1.09641577,1.09661856,1.09600585,1.09619649
2026-09-22T03:07:41+00:00,1.09619649,1.09666214,1.09590221,1.09663497
2026-09-22T03:08:41+00:00,1.09663497,1.09697468,1.09567249,1.09619632
2026-09-22T03:09:41+00:00,1.09619632,1.09627749,1.09578446,1.09597708
2026-09-22T03:10:41+00:00,1.09597708,1.09636727,1.09587729,1.09619628
2026-09-22T03:11:41+00:00,1.09619628,1.09658909,1.09520580,1.09531932
2026-09-22T03:12:41+00:00,1.09531932,1.09566624,1.09519156,1.09553838
2026-09-22T03:13:41+00:00,1.09553838,1.09587200,1.09508954,1.09510016
2026-09-22T03:14:41+00:00,1.09510016,1.09554849,1.09461941,1.09553820
2026-09-22T03:15:41+00:00,1.09553820,1.09577600,1.09530511,1.09575731
2026-09-22T03:16:41+00:00,1.09575731,1.09583728,1.09553329,1.09553816
2026-09-22T03:17:41+00:00,1.09553816,1.09642190,1.09540016,1.09641459
2026-09-22T03:18:41+00:00,1.09641459,1.09696862,1.09591816,1.09685316
2026-09-22T03:19:41+00:00,1.09685316,1.09787966,1.09684731,1.09773064
2026-09-22T03:20:41+00:00,1.09773064,1.09785506,1.09726816,1.09729155
2026-09-22T03:21:41+00:00,1.09729155,1.09750154,1.09692061,1.09707209
2026-09-22T03:22:41+00:00,1.09707209,1.09822055,1.09674247,1.09794975
2026-09-22T03:23:41+00:00,1.09794975,1.09808450,1.09668780,1.09707139
2026-09-22T03:24:41+00:00,1.09707139,1.09715761,1.09682630,1.09685198
2026-09-22T03:25:41+00:00,1.09685198,1.09791452,1.09622810,1.09772946
2026-09-22T03:26:41+00:00,1.09772946,1.09793084,1.09718847,1.09729037
2026-09-22T03:27:41+00:00,1.09729037,1.09789512,1.09684983,1.09772929
2026-09-22T03:28:41+00:00,1.09772929,1.09775695,1.09722662,1.09729020
2026-09-22T03:29:41+00:00,1.09729020,1.09837956,1.09708441,1.09816803
2026-09-22T03:30:41+00:00,1.09816803,1.09880761,1.09688706,1.09728950
2026-09-22T03:31:41+00:00,1.09728950,1.09728969,1.09704725,1.09707004
2026-09-22T03:32:41+00:00,1.09707004,1.09711591,1.09610347,1.09619238
2026-09-22T03:33:41+00:00,1.09619238,1.09631472,1.09509186,1.09531543
2026-09-22T03:34:41+00:00,1.09531543,1.09573181,1.09486314,1.09487730
2026-09-22T03:35:41+00:00,1.09487730,1.09494847,1.09399140,1.09400140
2026-09-22T03:36:41+00:00,1.09400140,1.09457181,1.09359523,1.09443900
2026-09-22T03:37:41+00:00,1.09443900,1.09454212,1.09352187,1.09356345
2026-09-22T03:38:41+00:00,1.09356345,1.09416373,1.09351068,1.09400088
2026-09-22T03:39:41+00:00,1.09400088,1.09405597,1.09286278,1.09312568
2026-09-22T03:40:41+00:00,1.09312568,1.09402067,1.09310920,1.09400018
2026-09-22T03:41:41+00:00,1.09400018,1.09506229,1.09387978,1.09487538
2026-09-22T03:42:41+00:00,1.09487538,1.09558878,1.09483195,1.09531333
2026-09-22T03:43:41+00:00,1.09531333,1.09580707,1.09524741,1.09575146
2026-09-22T03:44:41+00:00,1.09575146,1.09663999,1.09549563,1.09662806
2026-09-22T03:45:41+00:00,1.09662806,1.09682627,1.09608867,1.09618941
2026-09-22T03:46:41+00:00,1.09618941,1.09666432,1.09607764,1.09662789
2026-09-22T03:47:41+00:00,1.09662789,1.09748234,1.09643140,1.09684722
2026-09-22T03:48:41+00:00,1.09684722,1.09702473,1.09648123,1.09662785
2026-09-22T03:49:41+00:00,1.09662785,1.09698626,1.09648412,1.09684718
2026-09-22T03:50:41+00:00,1.09684718,1.09743551,1.09645483,1.09728592
2026-09-22T03:51:41+00:00,1.09728592,1.09791369,1.09723189,1.09772483
2026-09-22T03:52:41+00:00,1.09772483,1.09783685,1.09678770,1.09684665
2026-09-22T03:53:41+00:00,1.09684665,1.09732566,1.09638731,1.09640791
2026-09-22T03:54:41+00:00,1.09640791,1.09735994,1.09602975,1.09728504
2026-09-22T03:55:41+00:00,1.09728504,1.09733986,1.09677249,1.09684613
2026-09-22T03:56:41+00:00,1.09684613,1.09698232,1.09635447,1.09640739
2026-09-22T03:57:41+00:00,1.09640739,1.09699294,1.09613787,1.09684595
2026-09-22T03:58:41+00:00,1.09684595,1.09752535,1.09678632,1.09728469
2026-09-22T03:59:41+00:00,1.09728469,1.09743605,1.09675548,1.09684578
2026-09-22T04:00:41+00:00,1.09684578,1.09705755,1.09636543,1.09640704
2026-09-22T04:01:41+00:00,1.09640704,1.09641855,1.09501160,1.09552991
2026-09-22T04:02:41+00:00,1.09552991,1.09564206,1.09417852,1.09465349
2026-09-22T04:03:41+00:00,1.09465349,1.09492724,1.09445108,1.09487242
2026-09-22T04:04:41+00:00,1.09487242,1.09570406,1.09458270,1.09531037
2026-09-22T04:05:41+00:00,1.09531037,1.09625097,1.09522290,1.09618662
2026-09-22T04:06:41+00:00,1.09618662,1.09640636,1.09516968,1.09530967
2026-09-22T04:07:41+00:00,1.09530967,1.09604511,1.09512163,1.09574779
2026-09-22T04:08:41+00:00,1.09574779,1.09599429,1.09530700,1.09530949
2026-09-22T04:09:41+00:00,1.09530949,1.09535798,1.09506051,1.09509043
2026-09-22T04:10:41+00:00,1.09509043,1.09543998,1.09504511,1.09530945
2026-09-22T04:11:41+00:00,1.09530945,1.09577085,1.09526627,1.09574757
2026-09-22T04:12:41+00:00,1.09574757,1.09604897,1.09479526,1.09530927
2026-09-22T04:13:41+00:00,1.09530927,1.09533211,1.09414333,1.09443302
2026-09-22T04:14:41+00:00,1.09443302,1.09552923,1.09431368,1.09530857
2026-09-22T04:15:41+00:00,1.09530857,1.09545824,1.09501954,1.09508951
2026-09-22T04:16:41+00:00,1.09508951,1.09560660,1.09399062,1.09421344
2026-09-22T04:17:41+00:00,1.09421344,1.09436795,1.09300221,1.09333807
2026-09-22T04:18:41+00:00,1.09333807,1.09347316,1.09302169,1.09311940
2026-09-22T04:19:41+00:00,1.09311940,1.09337687,1.09280463,1.09290078
2026-09-22T04:20:41+00:00,1.09290078,1.09371831,1.09265943,1.09311936
2026-09-22T04:21:41+00:00,1.09311936,1.09432615,1.09269253,1.09399386
2026-09-22T04:22:41+00:00,1.09399386,1.09433782,1.09349538,1.09355626
2026-09-22T04:23:41+00:00,1.09355626,1.09359582,1.09269388,1.09311884
2026-09-22T04:24:41+00:00,1.09311884,1.09338387,1.09201901,1.09224434
2026-09-22T04:25:41+00:00,1.09224434,1.09313994,1.09206606,1.09311814
2026-09-22T04:26:41+00:00,1.09311814,1.09339675,1.09300468,1.09333676
2026-09-22T04:27:41+00:00,1.09333676,1.09426920,1.09296641,1.09421143
2026-09-22T04:28:41+00:00,1.09421143,1.09441336,1.09352059,1.09377375
2026-09-22T04:29:41+00:00,1.09377375,1.09426064,1.09368473,1.09421126
2026-09-22T04:30:41+00:00,1.09421126,1.09430676,1.09333068,1.09333589
2026-09-22T04:31:41+00:00,1.09333589,1.09369909,1.09325099,1.09355456
2026-09-22T04:32:41+00:00,1.09355456,1.09361749,1.09251992,1.09267972
2026-09-22T04:33:41+00:00,1.09267972,1.09285132,1.09124956,1.09180558
2026-09-22T04:34:41+00:00,1.09180558,1.09231068,1.09164369,1.09224230
2026-09-22T04:35:41+00:00,1.09224230,1.09229573,1.09186648,1.09202385
2026-09-22T04:36:41+00:00,1.09202385,1.09301080,1.09193389,1.09289747
2026-09-22T04:37:41+00:00,1.09289747,1.09347843,1.09263662,1.09267889
2026-09-22T04:38:41+00:00,1.09267889,1.09375213,1.09264933,1.09355303
2026-09-22T04:39:41+00:00,1.09355303,1.09406678,1.09329954,1.09377174
2026-09-22T04:40:41+00:00,1.09377174,1.09401784,1.09352949,1.09399049
2026-09-22T04:41:41+00:00,1.09399049,1.09408609,1.09338188,1.09355289
2026-09-22T04:42:41+00:00,1.09355289,1.09397598,1.09296442,1.09311547
2026-09-22T04:43:41+00:00,1.09311547,1.09323772,1.09230584,1.09267822
2026-09-22T04:44:41+00:00,1.09267822,1.09329005,1.09262670,1.09289676
2026-09-22T04:45:41+00:00,1.09289676,1.09317995,1.09275863,1.09311534
2026-09-22T04:46:41+00:00,1.09311534,1.09355035,1.09282831,1.09333396
2026-09-22T04:47:41+00:00,1.09333396,1.09342454,1.09259897,1.09289663
2026-09-22T04:48:41+00:00,1.09289663,1.09308143,1.09178327,1.09202231
2026-09-22T04:49:41+00:00,1.09202231,1.09228369,1.09194054,1.09224071
2026-09-22T04:50:41+00:00,1.09224071,1.09317251,1.09187122,1.09311450
2026-09-22T04:51:41+00:00,1.09311450,1.09343307,1.09294173,1.09333312
2026-09-22T04:52:41+00:00,1.09333312,1.09356168,1.09281096,1.09289579
2026-09-22T04:53:41+00:00,1.09289579,1.09299871,1.09201289,1.09202147
2026-09-22T04:54:41+00:00,1.09202147,1.09223934,1.09119031,1.09158466
2026-09-22T04:55:41+00:00,1.09158466,1.09174780,1.09091608,1.09114803
2026-09-22T04:56:41+00:00,1.09114803,1.09161463,1.09101106,1.09158449
2026-09-22T04:57:41+00:00,1.09158449,1.09199398,1.09126930,1.09180281
2026-09-22T04:58:41+00:00,1.09180281,1.09270049,1.09168500,1.09267625
2026-09-22T04:59:41+00:00,1.09267625,1.09323872,1.09233572,1.09311332
2026-09-22T05:00:41+00:00,1.09311332,1.09402695,1.09294515,1.09355057
2026-09-22T05:01:41+00:00,1.09355057,1.09393155,1.09257929,1.09311315
2026-09-22T05:02:41+00:00,1.09311315,1.09312809,1.09262561,1.09267590
2026-09-22T05:03:41+00:00,1.09267590,1.09300141,1.09247519,1.09289444
2026-09-22T05:04:41+00:00,1.09289444,1.09314318,1.09215872,1.09245728
2026-09-22T05:05:41+00:00,1.09245728,1.09300815,1.09224179,1.09289426
2026-09-22T05:06:41+00:00,1.09289426,1.09302880,1.09186227,1.09201994
2026-09-22T05:07:41+00:00,1.09201994,1.09257398,1.09193011,1.09245675
2026-09-22T05:08:41+00:00,1.09245675,1.09301899,1.09215183,1.09289373
2026-09-22T05:09:41+00:00,1.09289373,1.09315775,1.09243324,1.09267515
2026-09-22T05:10:41+00:00,1.09267515,1.09285255,1.09163360,1.09180101
2026-09-22T05:11:41+00:00,1.09180101,1.09269999,1.09164862,1.09267445
2026-09-22T05:12:41+00:00,1.09267445,1.09297871,1.09204978,1.09245592
2026-09-22T05:13:41+00:00,1.09245592,1.09282762,1.09241601,1.09267441
2026-09-22T05:14:41+00:00,1.09267441,1.09291406,1.09163855,1.09180027
2026-09-22T05:15:41+00:00,1.09180027,1.09238384,1.09144621,1.09223699
2026-09-22T05:16:41+00:00,1.09223699,1.09228723,1.09156690,1.09180010
2026-09-22T05:17:41+00:00,1.09180010,1.09203556,1.09088364,1.09092666
2026-09-22T05:18:41+00:00,1.09092666,1.09162287,1.09056199,1.09136303
2026-09-22T05:19:41+00:00,1.09136303,1.09190459,1.09100102,1.09179958
2026-09-22T05:20:41+00:00,1.09179958,1.09209608,1.09175105,1.09201794
2026-09-22T05:21:41+00:00,1.09201794,1.09241724,1.09189882,1.09223634
2026-09-22T05:22:41+00:00,1.09223634,1.09268458,1.09214861,1.09267323
2026-09-22T05:23:41+00:00,1.09267323,1.09325293,1.09245056,1.09289176
2026-09-22T05:24:41+00:00,1.09289176,1.09306600,1.09262084,1.09267318
2026-09-22T05:25:41+00:00,1.09267318,1.09340728,1.09249196,1.09311025
2026-09-22T05:26:41+00:00,1.09311025,1.09324363,1.09238389,1.09267301
2026-09-22T05:27:41+00:00,1.09267301,1.09350156,1.09264984,1.09311008
2026-09-22T05:28:41+00:00,1.09311008,1.09431552,1.09298592,1.09398457
2026-09-22T05:29:41+00:00,1.09398457,1.09499296,1.09386137,1.09485976
2026-09-22T05:30:41+00:00,1.09485976,1.09509171,1.09435626,1.09442182
2026-09-22T05:31:41+00:00,1.09442182,1.09453568,1.09324489,1.09354628
2026-09-22T05:32:41+00:00,1.09354628,1.09371283,1.09269997,1.09310886
2026-09-22T05:33:41+00:00,1.09310886,1.09323069,1.09239948,1.09267162
2026-09-22T05:34:41+00:00,1.09267162,1.09298665,1.09222624,1.09223455
2026-09-22T05:35:41+00:00,1.09223455,1.09246874,1.09115833,1.09136076
2026-09-22T05:36:41+00:00,1.09136076,1.09216825,1.09108523,1.09157903
2026-09-22T05:37:41+00:00,1.09157903,1.09196214,1.09146998,1.09179735
2026-09-22T05:38:41+00:00,1.09179735,1.09275817,1.09156083,1.09267079
2026-09-22T05:39:41+00:00,1.09267079,1.09358228,1.09249577,1.09354493
2026-09-22T05:40:41+00:00,1.09354493,1.09400767,1.09339734,1.09376364
2026-09-22T05:41:41+00:00,1.09376364,1.09399647,1.09275551,1.09288863
2026-09-22T05:42:41+00:00,1.09288863,1.09311832,1.09256658,1.09267005
2026-09-22T05:43:41+00:00,1.09267005,1.09294110,1.09258707,1.09288858
2026-09-22T05:44:41+00:00,1.09288858,1.09328089,1.09232796,1.09267000
2026-09-22T05:45:41+00:00,1.09267000,1.09359468,1.09256150,1.09354414
2026-09-22T05:46:41+00:00,1.09354414,1.09486960,1.09340985,1.09441898
2026-09-22T05:47:41+00:00,1.09441898,1.09447268,1.09347452,1.09354344
2026-09-22T05:48:41+00:00,1.09354344,1.09358118,1.09303755,1.09310602
2026-09-22T05:49:41+00:00,1.09310602,1.09373070,1.09304423,1.09354326
2026-09-22T05:50:41+00:00,1.09354326,1.09379074,1.09262839,1.09266843
2026-09-22T05:51:41+00:00,1.09266843,1.09300007,1.09239179,1.09244990
2026-09-22T05:52:41+00:00,1.09244990,1.09258711,1.09186753,1.09201292
2026-09-22T05:53:41+00:00,1.09201292,1.09229381,1.09199719,1.09223132
2026-09-22T05:54:41+00:00,1.09223132,1.09313851,1.09187427,1.09310511
2026-09-22T05:55:41+00:00,1.09310511,1.09400742,1.09305007,1.09397959
2026-09-22T05:56:41+00:00,1.09397959,1.09411467,1.09348925,1.09376079
2026-09-22T05:57:41+00:00,1.09376079,1.09429000,1.09371765,1.09419829
2026-09-22T05:58:41+00:00,1.09419829,1.09431189,1.09357348,1.09376061
2026-09-22T05:59:41+00:00,1.09376061,1.09395782,1.09300389,1.09354186
2026-09-22T06:00:41+00:00,1.09354186,1.09370994,1.09327791,1.09332315
2026-09-22T06:01:41+00:00,1.09332315,1.09395197,1.09313594,1.09376048
2026-09-22T06:02:41+00:00,1.09376048,1.09438263,1.09357405,1.09419798
2026-09-22T06:03:41+00:00,1.09419798,1.09442029,1.09383799,1.09397914
2026-09-22T06:04:41+00:00,1.09397914,1.09476954,1.09380193,1.09441673
2026-09-22T06:05:41+00:00,1.09441673,1.09495450,1.09417240,1.09485450
2026-09-22T06:06:41+00:00,1.09485450,1.09493979,1.09437174,1.09441656
2026-09-22T06:07:41+00:00,1.09441656,1.09456201,1.09344257,1.09354103
2026-09-22T06:08:41+00:00,1.09354103,1.09417077,1.09331760,1.09397845
2026-09-22T06:09:41+00:00,1.09397845,1.09404588,1.09352502,1.09375965
2026-09-22T06:10:41+00:00,1.09375965,1.09411749,1.09357521,1.09397840
2026-09-22T06:11:41+00:00,1.09397840,1.09404273,1.09353922,1.09375960
2026-09-22T06:12:41+00:00,1.09375960,1.09381346,1.09347731,1.09354085
2026-09-22T06:13:41+00:00,1.09354085,1.09454071,1.09331852,1.09441568
2026-09-22T06:14:41+00:00,1.09441568,1.09448897,1.09386171,1.09419680
2026-09-22T06:15:41+00:00,1.09419680,1.09426253,1.09357389,1.09375912
2026-09-22T06:16:41+00:00,1.09375912,1.09415335,1.09359124,1.09397787
2026-09-22T06:17:41+00:00,1.09397787,1.09430358,1.09389247,1.09419667
2026-09-22T06:18:41+00:00,1.09419667,1.09443357,1.09413334,1.09441551
2026-09-22T06:19:41+00:00,1.09441551,1.09463660,1.09395770,1.09397774
2026-09-22T06:20:41+00:00,1.09397774,1.09403152,1.09278222,1.09310256
2026-09-22T06:21:41+00:00,1.09310256,1.09324829,1.09200479,1.09222808
2026-09-22T06:22:41+00:00,1.09222808,1.09243222,1.09096469,1.09135430
2026-09-22T06:23:41+00:00,1.09135430,1.09186499,1.09130858,1.09157257
2026-09-22T06:24:41+00:00,1.09157257,1.09251103,1.09148137,1.09244583
2026-09-22T06:25:41+00:00,1.09244583,1.09259498,1.09211800,1.09222734
2026-09-22T06:26:41+00:00,1.09222734,1.09273824,1.09207447,1.09266423
2026-09-22T06:27:41+00:00,1.09266423,1.09312727,1.09247920,1.09288276
2026-09-22T06:28:41+00:00,1.09288276,1.09294223,1.09182356,1.09200845
2026-09-22T06:29:41+00:00,1.09200845,1.09246179,1.09179865,1.09244525
2026-09-22T06:30:41+00:00,1.09244525,1.09252163,1.09140499,1.09157129
2026-09-22T06:31:41+00:00,1.09157129,1.09200697,1.09127944,1.09178960
2026-09-22T06:32:41+00:00,1.09178960,1.09234176,1.09136951,1.09222632
2026-09-22T06:33:41+00:00,1.09222632,1.09259796,1.09123364,1.09135254
2026-09-22T06:34:41+00:00,1.09135254,1.09140430,1.09070175,1.09091600
2026-09-22T06:35:41+00:00,1.09091600,1.09156843,1.09069787,1.09135237
2026-09-22T06:36:41+00:00,1.09135237,1.09135916,1.09086514,1.09091583
2026-09-22T06:37:41+00:00,1.09091583,1.09147591,1.09091100,1.09135220
2026-09-22T06:38:41+00:00,1.09135220,1.09137195,1.09062187,1.09091566
2026-09-22T06:39:41+00:00,1.09091566,1.09128342,1.09065833,1.09069748
2026-09-22T06:40:41+00:00,1.09069748,1.09188463,1.09034369,1.09157004
2026-09-22T06:41:41+00:00,1.09157004,1.09166747,1.09100451,1.09135173
2026-09-22T06:42:41+00:00,1.09135173,1.09210244,1.09124638,1.09178827
2026-09-22T06:43:41+00:00,1.09178827,1.09190189,1.09086452,1.09091484
2026-09-22T06:44:41+00:00,1.09091484,1.09152610,1.09077529,1.09135121
2026-09-22T06:45:41+00:00,1.09135121,1.09143567,1.09028383,1.09047813
2026-09-22T06:46:41+00:00,1.09047813,1.09106540,1.09024505,1.09069623
2026-09-22T06:47:41+00:00,1.09069623,1.09103466,1.09045487,1.09091437
2026-09-22T06:48:41+00:00,1.09091437,1.09193583,1.09073825,1.09178710
2026-09-22T06:49:41+00:00,1.09178710,1.09230503,1.09163470,1.09222381
2026-09-22T06:50:41+00:00,1.09222381,1.09317893,1.09198067,1.09309759
2026-09-22T06:51:41+00:00,1.09309759,1.09327160,1.09237172,1.09266035
2026-09-22T06:52:41+00:00,1.09266035,1.09354730,1.09236227,1.09353448
2026-09-22T06:53:41+00:00,1.09353448,1.09358299,1.09300234,1.09309707
2026-09-22T06:54:41+00:00,1.09309707,1.09424903,1.09306215,1.09397155
2026-09-22T06:55:41+00:00,1.09397155,1.09496307,1.09385194,1.09484673
2026-09-22T06:56:41+00:00,1.09484673,1.09501658,1.09393441,1.09397085
2026-09-22T06:57:41+00:00,1.09397085,1.09397194,1.09373173,1.09375206
2026-09-22T06:58:41+00:00,1.09375206,1.09467539,1.09374440,1.09462706
2026-09-22T06:59:41+00:00,1.09462706,1.09554520,1.09462674,1.09506491
2026-09-22T07:00:41+00:00,1.09506491,1.09562094,1.09494393,1.09528392
2026-09-22T07:01:41+00:00,1.09528392,1.09539302,1.09493911,1.09506486
2026-09-22T07:02:41+00:00,1.09506486,1.09569366,1.09487190,1.09528387
2026-09-22T07:03:41+00:00,1.09528387,1.09627414,1.09509438,1.09572198
2026-09-22T07:04:41+00:00,1.09572198,1.09589316,1.09532347,1.09550284
2026-09-22T07:05:41+00:00,1.09550284,1.09559745,1.09523463,1.09528374
2026-09-22T07:06:41+00:00,1.09528374,1.09578442,1.09519584,1.09572185
2026-09-22T07:07:41+00:00,1.09572185,1.09622556,1.09571853,1.09616014
2026-09-22T07:08:41+00:00,1.09616014,1.09638795,1.09615485,1.09637937
2026-09-22T07:09:41+00:00,1.09637937,1.09665158,1.09593259,1.09594082
2026-09-22T07:10:41+00:00,1.09594082,1.09622344,1.09565051,1.09572163
2026-09-22T07:11:41+00:00,1.09572163,1.09632883,1.09553963,1.09594077
2026-09-22T07:12:41+00:00,1.09594077,1.09686716,1.09568452,1.09681752
2026-09-22T07:13:41+00:00,1.09681752,1.09685244,1.09646557,1.09659816
2026-09-22T07:14:41+00:00,1.09659816,1.09682971,1.09634953,1.09637884
2026-09-22T07:15:41+00:00,1.09637884,1.09757100,1.09631019,1.09725594
2026-09-22T07:16:41+00:00,1.09725594,1.09764270,1.09707932,1.09747539
2026-09-22T07:17:41+00:00,1.09747539,1.09751146,1.09691239,1.09725589
2026-09-22T07:18:41+00:00,1.09725589,1.09736740,1.09629635,1.09637809
2026-09-22T07:19:41+00:00,1.09637809,1.09699655,1.09623636,1.09681664
2026-09-22T07:20:41+00:00,1.09681664,1.09730590,1.09675027,1.09725537
2026-09-22T07:21:41+00:00,1.09725537,1.09755084,1.09675265,1.09681647
2026-09-22T07:22:41+00:00,1.09681647,1.09694848,1.09619074,1.09637774
2026-09-22T07:23:41+00:00,1.09637774,1.09648190,1.09581773,1.09593919
2026-09-22T07:24:41+00:00,1.09593919,1.09710749,1.09567924,1.09681594
2026-09-22T07:25:41+00:00,1.09681594,1.09702854,1.09569501,1.09593849
2026-09-22T07:26:41+00:00,1.09593849,1.09635152,1.09577046,1.09615768
2026-09-22T07:27:41+00:00,1.09615768,1.09639253,1.09504844,1.09528075
2026-09-22T07:28:41+00:00,1.09528075,1.09556262,1.09462799,1.09506169
2026-09-22T07:29:41+00:00,1.09506169,1.09526674,1.09436684,1.09484268
2026-09-22T07:30:41+00:00,1.09484268,1.09520682,1.09402822,1.09440474
2026-09-22T07:31:41+00:00,1.09440474,1.09487538,1.09434014,1.09484250
2026-09-22T07:32:41+00:00,1.09484250,1.09534259,1.09461812,1.09528044
2026-09-22T07:33:41+00:00,1.09528044,1.09538144,1.09429096,1.09440422
2026-09-22T07:34:41+00:00,1.09440422,1.09446953,1.09413005,1.09418534
2026-09-22T07:35:41+00:00,1.09418534,1.09438595,1.09321094,1.09330999
2026-09-22T07:36:41+00:00,1.09330999,1.09370243,1.09287977,1.09309133
2026-09-22T07:37:41+00:00,1.09309133,1.09323454,1.09270015,1.09287271
2026-09-22T07:38:41+00:00,1.09287271,1.09302205,1.09258653,1.09265414
2026-09-22T07:39:41+00:00,1.09265414,1.09355518,1.09265148,1.09352826
2026-09-22T07:40:41+00:00,1.09352826,1.09399045,1.09338738,1.09374697
2026-09-22T07:41:41+00:00,1.09374697,1.09398034,1.09330081,1.09352822
2026-09-22T07:42:41+00:00,1.09352822,1.09463349,1.09342576,1.09440304
2026-09-22T07:43:41+00:00,1.09440304,1.09498766,1.09379266,1.09396528
2026-09-22T07:44:41+00:00,1.09396528,1.09400108,1.09351724,1.09374649
2026-09-22T07:45:41+00:00,1.09374649,1.09433377,1.09344152,1.09418399
2026-09-22T07:46:41+00:00,1.09418399,1.09470766,1.09414293,1.09440283
2026-09-22T07:47:41+00:00,1.09440283,1.09462290,1.09404500,1.09418395
2026-09-22T07:48:41+00:00,1.09418395,1.09465463,1.09371393,1.09440279
2026-09-22T07:49:41+00:00,1.09440279,1.09466132,1.09393515,1.09396503
2026-09-22T07:50:41+00:00,1.09396503,1.09444197,1.09376385,1.09440262
2026-09-22T07:51:41+00:00,1.09440262,1.09542560,1.09418005,1.09527814
2026-09-22T07:52:41+00:00,1.09527814,1.09623770,1.09497783,1.09615436
2026-09-22T07:53:41+00:00,1.09615436,1.09668673,1.09587502,1.09637359
2026-09-22T07:54:41+00:00,1.09637359,1.09649897,1.09541903,1.09549649
2026-09-22T07:55:41+00:00,1.09549649,1.09566044,1.09439870,1.09462009
2026-09-22T07:56:41+00:00,1.09462009,1.09467494,1.09409666,1.09418224
2026-09-22T07:57:41+00:00,1.09418224,1.09463970,1.09384249,1.09461991
2026-09-22T07:58:41+00:00,1.09461991,1.09477962,1.09359982,1.09374421
2026-09-22T07:59:41+00:00,1.09374421,1.09403041,1.09372070,1.09396296
2026-09-22T08:00:41+00:00,1.09396296,1.09429861,1.09383848,1.09418175
2026-09-22T08:01:41+00:00,1.09418175,1.09477149,1.09377298,1.09461942
2026-09-22T08:02:41+00:00,1.09461942,1.09480374,1.09417767,1.09418157
2026-09-22T08:03:41+00:00,1.09418157,1.09455344,1.09412600,1.09440041
2026-09-22T08:04:41+00:00,1.09440041,1.09474444,1.09380668,1.09396265
2026-09-22T08:05:41+00:00,1.09396265,1.09404986,1.09345324,1.09374386
2026-09-22T08:06:41+00:00,1.09374386,1.09463722,1.09347544,1.09461886
2026-09-22T08:07:41+00:00,1.09461886,1.09475612,1.09359409,1.09374316
2026-09-22T08:08:41+00:00,1.09374316,1.09374495,1.09346949,1.09352441
2026-09-22T08:09:41+00:00,1.09352441,1.09424235,1.09300381,1.09396182
2026-09-22T08:10:41+00:00,1.09396182,1.09486706,1.09395264,1.09439940
2026-09-22T08:11:41+00:00,1.09439940,1.09533941,1.09433409,1.09527492
2026-09-22T08:12:41+00:00,1.09527492,1.09622479,1.09509735,1.09615114
2026-09-22T08:13:41+00:00,1.09615114,1.09679548,1.09496373,1.09527422
2026-09-22T08:14:41+00:00,1.09527422,1.09535529,1.09487092,1.09505517
2026-09-22T08:15:41+00:00,1.09505517,1.09594804,1.09491718,1.09593121
2026-09-22T08:16:41+00:00,1.09593121,1.09713222,1.09592084,1.09680795
2026-09-22T08:17:41+00:00,1.09680795,1.09703584,1.09610885,1.09636923
2026-09-22T08:18:41+00:00,1.09636923,1.09638295,1.09524247,1.09549213
2026-09-22T08:19:41+00:00,1.09549213,1.09607484,1.09513724,1.09593033
2026-09-22T08:20:41+00:00,1.09593033,1.09637646,1.09585121,1.09614952
2026-09-22T08:21:41+00:00,1.09614952,1.09666542,1.09603822,1.09658798
2026-09-22T08:22:41+00:00,1.09658798,1.09775367,1.09650212,1.09746525
2026-09-22T08:23:41+00:00,1.09746525,1.09763886,1.09679880,1.09724576
2026-09-22T08:24:41+00:00,1.09724576,1.09781417,1.09688102,1.09768466
2026-09-22T08:25:41+00:00,1.09768466,1.09801829,1.09697102,1.09724559
2026-09-22T08:26:41+00:00,1.09724559,1.09781560,1.09720992,1.09746504
2026-09-22T08:27:41+00:00,1.09746504,1.09842694,1.09720540,1.09834301
2026-09-22T08:28:41+00:00,1.09834301,1.09865847,1.09822669,1.09856268
2026-09-22T08:29:41+00:00,1.09856268,1.09865277,1.09751294,1.09768383
2026-09-22T08:30:41+00:00,1.09768383,1.09788714,1.09648270,1.09680568
2026-09-22T08:31:41+00:00,1.09680568,1.09789684,1.09641547,1.09768312
2026-09-22T08:32:41+00:00,1.09768312,1.09779933,1.09721499,1.09724405
2026-09-22T08:33:41+00:00,1.09724405,1.09749023,1.09665155,1.09680515
2026-09-22T08:34:41+00:00,1.09680515,1.09735445,1.09677538,1.09724387
2026-09-22T08:35:41+00:00,1.09724387,1.09728364,1.09631341,1.09636607
2026-09-22T08:36:41+00:00,1.09636607,1.09674246,1.09526293,1.09548898
2026-09-22T08:37:41+00:00,1.09548898,1.09574536,1.09496820,1.09505078
2026-09-22T08:38:41+00:00,1.09505078,1.09526003,1.09479900,1.09483177
2026-09-22T08:39:41+00:00,1.09483177,1.09504212,1.09444188,1.09461280
2026-09-22T08:40:41+00:00,1.09461280,1.09487224,1.09437994,1.09439388
2026-09-22T08:41:41+00:00,1.09439388,1.09439841,1.09303066,1.09351836
2026-09-22T08:42:41+00:00,1.09351836,1.09407077,1.09340923,1.09395577
2026-09-22T08:43:41+00:00,1.09395577,1.09503023,1.09377207,1.09483093
2026-09-22T08:44:41+00:00,1.09483093,1.09484165,1.09418136,1.09439300
2026-09-22T08:45:41+00:00,1.09439300,1.09439729,1.09372785,1.09395524
2026-09-22T08:46:41+00:00,1.09395524,1.09427813,1.09345426,1.09373645
2026-09-22T08:47:41+00:00,1.09373645,1.09418875,1.09352859,1.09395520
2026-09-22T08:48:41+00:00,1.09395520,1.09405140,1.09303188,1.09351762
2026-09-22T08:49:41+00:00,1.09351762,1.09373836,1.09322619,1.09373632
2026-09-22T08:50:41+00:00,1.09373632,1.09400638,1.09277511,1.09286133
2026-09-22T08:51:41+00:00,1.09286133,1.09421654,1.09258703,1.09373562
2026-09-22T08:52:41+00:00,1.09373562,1.09379395,1.09271584,1.09286063
2026-09-22T08:53:41+00:00,1.09286063,1.09380123,1.09269867,1.09373492
2026-09-22T08:54:41+00:00,1.09373492,1.09405467,1.09285122,1.09285993
2026-09-22T08:55:41+00:00,1.09285993,1.09313029,1.09282287,1.09307850
2026-09-22T08:56:41+00:00,1.09307850,1.09330229,1.09213337,1.09220404
2026-09-22T08:57:41+00:00,1.09220404,1.09237623,1.09190516,1.09198560
2026-09-22T08:58:41+00:00,1.09198560,1.09256748,1.09176980,1.09220400
2026-09-22T08:59:41+00:00,1.09220400,1.09245501,1.09146791,1.09176712
2026-09-22T09:00:41+00:00,1.09176712,1.09198971,1.09115673,1.09133041
2026-09-22T09:01:41+00:00,1.09133041,1.09161100,1.09118072,1.09154868
2026-09-22T09:02:41+00:00,1.09154868,1.09209129,1.09154475,1.09198530
2026-09-22T09:03:41+00:00,1.09198530,1.09252735,1.09180263,1.09242209
2026-09-22T09:04:41+00:00,1.09242209,1.09266357,1.09181475,1.09198512
2026-09-22T09:05:41+00:00,1.09198512,1.09304324,1.09192703,1.09285871
2026-09-22T09:06:41+00:00,1.09285871,1.09293044,1.09150760,1.09198442
2026-09-22T09:07:41+00:00,1.09198442,1.09243150,1.09181610,1.09220282
2026-09-22T09:08:41+00:00,1.09220282,1.09231738,1.09159606,1.09176594
2026-09-22T09:09:41+00:00,1.09176594,1.09221159,1.09162373,1.09198429
2026-09-22T09:10:41+00:00,1.09198429,1.09204158,1.09163523,1.09176589
2026-09-22T09:11:41+00:00,1.09176589,1.09182753,1.09139626,1.09154754
2026-09-22T09:12:41+00:00,1.09154754,1.09202125,1.09143530,1.09176585
2026-09-22T09:13:41+00:00,1.09176585,1.09176674,1.09078759,1.09089244
2026-09-22T09:14:41+00:00,1.09089244,1.09218667,1.09085709,1.09176515
2026-09-22T09:15:41+00:00,1.09176515,1.09190835,1.09071745,1.09089174
2026-09-22T09:16:41+00:00,1.09089174,1.09120692,1.09045046,1.09045538
2026-09-22T09:17:41+00:00,1.09045538,1.09080604,1.08926683,1.08958302
2026-09-22T09:18:41+00:00,1.08958302,1.08969379,1.08903882,1.08914719
2026-09-22T09:19:41+00:00,1.08914719,1.08921450,1.08856335,1.08871153
2026-09-22T09:20:41+00:00,1.08871153,1.08896721,1.08819756,1.08827605
2026-09-22T09:21:41+00:00,1.08827605,1.08887163,1.08827393,1.08849371
2026-09-22T09:22:41+00:00,1.08849371,1.08893465,1.08805699,1.08805831
2026-09-22T09:23:41+00:00,1.08805831,1.08892940,1.08796870,1.08892876
2026-09-22T09:24:41+00:00,1.08892876,1.08937274,1.08823086,1.08849319
2026-09-22T09:25:41+00:00,1.08849319,1.08897514,1.08822666,1.08892859
2026-09-22T09:26:41+00:00,1.08892859,1.08948841,1.08889762,1.08936416
2026-09-22T09:27:41+00:00,1.08936416,1.08941463,1.08849113,1.08849267
2026-09-22T09:28:41+00:00,1.08849267,1.08859443,1.08787472,1.08805727
2026-09-22T09:29:41+00:00,1.08805727,1.08836970,1.08804762,1.08827488
2026-09-22T09:30:41+00:00,1.08827488,1.08903898,1.08814473,1.08871019
2026-09-22T09:31:41+00:00,1.08871019,1.08905131,1.08868847,1.08892793
2026-09-22T09:32:41+00:00,1.08892793,1.08903601,1.08826059,1.08849236
2026-09-22T09:33:41+00:00,1.08849236,1.08962505,1.08845619,1.08936315
2026-09-22T09:34:41+00:00,1.08936315,1.08937933,1.08834469,1.08849166
2026-09-22T09:35:41+00:00,1.08849166,1.08911894,1.08833046,1.08892706
2026-09-22T09:36:41+00:00,1.08892706,1.08980934,1.08837023,1.08936263
2026-09-22T09:37:41+00:00,1.08936263,1.08978192,1.08915272,1.08958050
2026-09-22T09:38:41+00:00,1.08958050,1.09085043,1.08932106,1.09045216
2026-09-22T09:39:41+00:00,1.09045216,1.09153690,1.09034984,1.09132452
2026-09-22T09:40:41+00:00,1.09132452,1.09153032,1.09074205,1.09088799
2026-09-22T09:41:41+00:00,1.09088799,1.09094576,1.09003529,1.09045163
2026-09-22T09:42:41+00:00,1.09045163,1.09086288,1.09019025,1.09066972
2026-09-22T09:43:41+00:00,1.09066972,1.09070087,1.08949507,1.08979718
2026-09-22T09:44:41+00:00,1.08979718,1.09078712,1.08962191,1.09066902
2026-09-22T09:45:41+00:00,1.09066902,1.09070247,1.09031975,1.09045089
2026-09-22T09:46:41+00:00,1.09045089,1.09060286,1.09000243,1.09001471
2026-09-22T09:47:41+00:00,1.09001471,1.09141999,1.08960644,1.09088672
2026-09-22T09:48:41+00:00,1.09088672,1.09111589,1.09054052,1.09110490
2026-09-22T09:49:41+00:00,1.09110490,1.09126168,1.09022484,1.09023202
2026-09-22T09:50:41+00:00,1.09023202,1.09030088,1.08984522,1.09001397
2026-09-22T09:51:41+00:00,1.09001397,1.09003798,1.08900603,1.08914196
2026-09-22T09:52:41+00:00,1.08914196,1.08947710,1.08861257,1.08870630
2026-09-22T09:53:41+00:00,1.08870630,1.08968778,1.08842375,1.08957727
2026-09-22T09:54:41+00:00,1.08957727,1.08983585,1.08922066,1.08979519
2026-09-22T09:55:41+00:00,1.08979519,1.09003779,1.08966219,1.09001315
2026-09-22T09:56:41+00:00,1.09001315,1.09059176,1.08990889,1.09044916
2026-09-22T09:57:41+00:00,1.09044916,1.09136918,1.09024225,1.09132152
2026-09-22T09:58:41+00:00,1.09132152,1.09170970,1.09111748,1.09153978
2026-09-22T09:59:41+00:00,1.09153978,1.09258898,1.09147815,1.09241301
2026-09-22T10:00:41+00:00,1.09241301,1.09244221,1.09216310,1.09219453
2026-09-22T10:01:41+00:00,1.09219453,1.09253445,1.09177542,1.09197609
2026-09-22T10:02:41+00:00,1.09197609,1.09198801,1.09164989,1.09175769
2026-09-22T10:03:41+00:00,1.09175769,1.09178311,1.09073096,1.09088428
2026-09-22T10:04:41+00:00,1.09088428,1.09119567,1.09051392,1.09110246
2026-09-22T10:05:41+00:00,1.09110246,1.09135949,1.09086441,1.09132068
2026-09-22T10:06:41+00:00,1.09132068,1.09229065,1.09103913,1.09219374
2026-09-22T10:07:41+00:00,1.09219374,1.09232963,1.09190367,1.09197530
2026-09-22T10:08:41+00:00,1.09197530,1.09256106,1.09180927,1.09241209
2026-09-22T10:09:41+00:00,1.09241209,1.09275740,1.09233583,1.09263057
2026-09-22T10:10:41+00:00,1.09263057,1.09265971,1.09215168,1.09219352
2026-09-22T10:11:41+00:00,1.09219352,1.09244093,1.09104138,1.09131977
2026-09-22T10:12:41+00:00,1.09131977,1.09223874,1.09121435,1.09219283
2026-09-22T10:13:41+00:00,1.09219283,1.09231477,1.09109161,1.09131908
2026-09-22T10:14:41+00:00,1.09131908,1.09148196,1.09049883,1.09110082
2026-09-22T10:15:41+00:00,1.09110082,1.09125421,1.09066411,1.09066438
2026-09-22T10:16:41+00:00,1.09066438,1.09089980,1.08977017,1.08979185
2026-09-22T10:17:41+00:00,1.08979185,1.08994763,1.08884968,1.08892002
2026-09-22T10:18:41+00:00,1.08892002,1.08896076,1.08831533,1.08848445
2026-09-22T10:19:41+00:00,1.08848445,1.08863189,1.08745087,1.08761366
2026-09-22T10:20:41+00:00,1.08761366,1.08813616,1.08751439,1.08804871
2026-09-22T10:21:41+00:00,1.08804871,1.08897106,1.08758243,1.08891915
2026-09-22T10:22:41+00:00,1.08891915,1.08935078,1.08773786,1.08804801
2026-09-22T10:23:41+00:00,1.08804801,1.08943998,1.08780702,1.08891845
2026-09-22T10:24:41+00:00,1.08891845,1.08942708,1.08861450,1.08935402
2026-09-22T10:25:41+00:00,1.08935402,1.08937853,1.08869199,1.08891828
2026-09-22T10:26:41+00:00,1.08891828,1.08940249,1.08880468,1.08913606
2026-09-22T10:27:41+00:00,1.08913606,1.08920985,1.08859236,1.08891823
2026-09-22T10:28:41+00:00,1.08891823,1.08904798,1.08800737,1.08804710
2026-09-22T10:29:41+00:00,1.08804710,1.08862441,1.08774586,1.08848232
2026-09-22T10:30:41+00:00,1.08848232,1.08851645,1.08774833,1.08826462
2026-09-22T10:31:41+00:00,1.08826462,1.08866844,1.08795055,1.08848227
2026-09-22T10:32:41+00:00,1.08848227,1.08849977,1.08752965,1.08761148
2026-09-22T10:33:41+00:00,1.08761148,1.08811571,1.08749062,1.08804652
2026-09-22T10:34:41+00:00,1.08804652,1.08824590,1.08713099,1.08782891
2026-09-22T10:35:41+00:00,1.08782891,1.08792098,1.08756995,1.08761134
2026-09-22T10:36:41+00:00,1.08761134,1.08764712,1.08722658,1.08739382
2026-09-22T10:37:41+00:00,1.08739382,1.08814686,1.08718817,1.08782878
2026-09-22T10:38:41+00:00,1.08782878,1.08784882,1.08734736,1.08739365
2026-09-22T10:39:41+00:00,1.08739365,1.08742657,1.08615425,1.08652374
2026-09-22T10:40:41+00:00,1.08652374,1.08696561,1.08641588,1.08674104
2026-09-22T10:41:41+00:00,1.08674104,1.08708677,1.08628977,1.08652369
2026-09-22T10:42:41+00:00,1.08652369,1.08706647,1.08646622,1.08695830
2026-09-22T10:43:41+00:00,1.08695830,1.08709754,1.08629496,1.08652352
2026-09-22T10:44:41+00:00,1.08652352,1.08663625,1.08555910,1.08565430
2026-09-22T10:45:41+00:00,1.08565430,1.08663738,1.08552375,1.08652282
2026-09-22T10:46:41+00:00,1.08652282,1.08702118,1.08634246,1.08674012
2026-09-22T10:47:41+00:00,1.08674012,1.08728628,1.08658416,1.08717482
2026-09-22T10:48:41+00:00,1.08717482,1.08723769,1.08671465,1.08695739
2026-09-22T10:49:41+00:00,1.08695739,1.08802620,1.08689736,1.08782696
2026-09-22T10:50:41+00:00,1.08782696,1.08848516,1.08769573,1.08804453
2026-09-22T10:51:41+00:00,1.08804453,1.08845640,1.08708493,1.08760931
2026-09-22T10:52:41+00:00,1.08760931,1.08772894,1.08718746,1.08739179
2026-09-22T10:53:41+00:00,1.08739179,1.08798995,1.08696882,1.08760927
2026-09-22T10:54:41+00:00,1.08760927,1.08783519,1.08758060,1.08782679
2026-09-22T10:55:41+00:00,1.08782679,1.08793452,1.08754617,1.08760922
2026-09-22T10:56:41+00:00,1.08760922,1.08770150,1.08663440,1.08673913
2026-09-22T10:57:41+00:00,1.08673913,1.08716275,1.08571142,1.08586974
2026-09-22T10:58:41+00:00,1.08586974,1.08623718,1.08559243,1.08608691
2026-09-22T10:59:41+00:00,1.08608691,1.08632840,1.08592034,1.08630413
2026-09-22T11:00:41+00:00,1.08630413,1.08759978,1.08616267,1.08717317
2026-09-22T11:01:41+00:00,1.08717317,1.08796452,1.08713126,1.08760804
2026-09-22T11:02:41+00:00,1.08760804,1.08844141,1.08750913,1.08804308
2026-09-22T11:03:41+00:00,1.08804308,1.08815400,1.08703572,1.08717265
2026-09-22T11:04:41+00:00,1.08717265,1.08836563,1.08708667,1.08804239
2026-09-22T11:05:41+00:00,1.08804239,1.08911834,1.08785497,1.08891282
2026-09-22T11:06:41+00:00,1.08891282,1.08916794,1.08814293,1.08847725
2026-09-22T11:07:41+00:00,1.08847725,1.08855823,1.08751124,1.08760647
2026-09-22T11:08:41+00:00,1.08760647,1.08855046,1.08741669,1.08847656
2026-09-22T11:09:41+00:00,1.08847656,1.08848557,1.08797679,1.08804117
2026-09-22T11:10:41+00:00,1.08804117,1.08834576,1.08756609,1.08782356
2026-09-22T11:11:41+00:00,1.08782356,1.08823810,1.08757273,1.08804112
2026-09-22T11:12:41+00:00,1.08804112,1.08839303,1.08706769,1.08717069
2026-09-22T11:13:41+00:00,1.08717069,1.08749417,1.08702374,1.08738812
2026-09-22T11:14:41+00:00,1.08738812,1.08758914,1.08643236,1.08651821
2026-09-22T11:15:41+00:00,1.08651821,1.08683851,1.08598697,1.08608360
2026-09-22T11:16:41+00:00,1.08608360,1.08633607,1.08539509,1.08586638
2026-09-22T11:17:41+00:00,1.08586638,1.08587333,1.08556810,1.08564921
2026-09-22T11:18:41+00:00,1.08564921,1.08585220,1.08468821,1.08478069
2026-09-22T11:19:41+00:00,1.08478069,1.08511920,1.08474529,1.08499765
2026-09-22T11:20:41+00:00,1.08499765,1.08590538,1.08482737,1.08586565
2026-09-22T11:21:41+00:00,1.08586565,1.08617129,1.08566254,1.08608282
2026-09-22T11:22:41+00:00,1.08608282,1.08615013,1.08578779,1.08586560
2026-09-22T11:23:41+00:00,1.08586560,1.08622992,1.08555609,1.08608277
2026-09-22T11:24:41+00:00,1.08608277,1.08631502,1.08504669,1.08521390
2026-09-22T11:25:41+00:00,1.08521390,1.08535897,1.08486044,1.08499686
2026-09-22T11:26:41+00:00,1.08499686,1.08513899,1.08476640,1.08477986
2026-09-22T11:27:41+00:00,1.08477986,1.08542114,1.08459501,1.08521377
2026-09-22T11:28:41+00:00,1.08521377,1.08535894,1.08446760,1.08477968
2026-09-22T11:29:41+00:00,1.08477968,1.08543050,1.08445916,1.08521359
2026-09-22T11:30:41+00:00,1.08521359,1.08567019,1.08499435,1.08564768
2026-09-22T11:31:41+00:00,1.08564768,1.08565596,1.08513153,1.08521342
2026-09-22T11:32:41+00:00,1.08521342,1.08529343,1.08450600,1.08477933
2026-09-22T11:33:41+00:00,1.08477933,1.08507613,1.08447541,1.08499629
2026-09-22T11:34:41+00:00,1.08499629,1.08594549,1.08495207,1.08586429
2026-09-22T11:35:41+00:00,1.08586429,1.08681597,1.08552600,1.08673298
2026-09-22T11:36:41+00:00,1.08673298,1.08787412,1.08666873,1.08760237
2026-09-22T11:37:41+00:00,1.08760237,1.08828537,1.08729295,1.08803741
2026-09-22T11:38:41+00:00,1.08803741,1.08831083,1.08764666,1.08781980
2026-09-22T11:39:41+00:00,1.08781980,1.08893389,1.08781357,1.08869006
2026-09-22T11:40:41+00:00,1.08869006,1.08878230,1.08807993,1.08847232
2026-09-22T11:41:41+00:00,1.08847232,1.08849463,1.08790792,1.08803693
2026-09-22T11:42:41+00:00,1.08803693,1.08882374,1.08803431,1.08847214
2026-09-22T11:43:41+00:00,1.08847214,1.08870573,1.08815909,1.08825445
2026-09-22T11:44:41+00:00,1.08825445,1.08853444,1.08806919,1.08847210
2026-09-22T11:45:41+00:00,1.08847210,1.08855737,1.08800615,1.08803671
2026-09-22T11:46:41+00:00,1.08803671,1.08807172,1.08768391,1.08781910
2026-09-22T11:47:41+00:00,1.08781910,1.08827957,1.08764695,1.08825423
2026-09-22T11:48:41+00:00,1.08825423,1.08923796,1.08797376,1.08912483
2026-09-22T11:49:41+00:00,1.08912483,1.09010144,1.08904006,1.08999613
2026-09-22T11:50:41+00:00,1.08999613,1.09007806,1.08963584,1.08977813
2026-09-22T11:51:41+00:00,1.08977813,1.09046666,1.08976608,1.09021404
2026-09-22T11:52:41+00:00,1.09021404,1.09115196,1.09021222,1.09108621
2026-09-22T11:53:41+00:00,1.09108621,1.09159132,1.09107883,1.09152264
2026-09-22T11:54:41+00:00,1.09152264,1.09203275,1.09123821,1.09195925
2026-09-22T11:55:41+00:00,1.09195925,1.09219568,1.09100120,1.09108568
2026-09-22T11:56:41+00:00,1.09108568,1.09118255,1.09066728,1.09086746
2026-09-22T11:57:41+00:00,1.09086746,1.09111057,1.08996473,1.09043111
2026-09-22T11:58:41+00:00,1.09043111,1.09093943,1.09027986,1.09086728
2026-09-22T11:59:41+00:00,1.09086728,1.09136457,1.09062816,1.09130363
2026-09-22T12:00:41+00:00,1.09130363,1.09200545,1.09127286,1.09174015
2026-09-22T12:01:41+00:00,1.09174015,1.09243787,1.09161860,1.09217685
2026-09-22T12:02:41+00:00,1.09217685,1.09229382,1.09173670,1.09195841
2026-09-22T12:03:41+00:00,1.09195841,1.09259158,1.09174919,1.09239519
2026-09-22T12:04:41+00:00,1.09239519,1.09270566,1.09231775,1.09261367
2026-09-22T12:05:41+00:00,1.09261367,1.09304042,1.09205886,1.09217662
2026-09-22T12:06:41+00:00,1.09217662,1.09268180,1.09195398,1.09261349
2026-09-22T12:07:41+00:00,1.09261349,1.09363230,1.09235315,1.09348758
2026-09-22T12:08:41+00:00,1.09348758,1.09364102,1.09290235,1.09326888
2026-09-22T12:09:41+00:00,1.09326888,1.09396145,1.09278488,1.09370619
2026-09-22T12:10:41+00:00,1.09370619,1.09456388,1.09370507,1.09414367
2026-09-22T12:11:41+00:00,1.09414367,1.09516023,1.09395381,1.09501898
2026-09-22T12:12:41+00:00,1.09501898,1.09597105,1.09474658,1.09589500
2026-09-22T12:13:41+00:00,1.09589500,1.09616002,1.09463729,1.09501828
2026-09-22T12:14:41+00:00,1.09501828,1.09515783,1.09478336,1.09479928
2026-09-22T12:15:41+00:00,1.09479928,1.09524484,1.09470712,1.09523720
2026-09-22T12:16:41+00:00,1.09523720,1.09633120,1.09461752,1.09611339
2026-09-22T12:17:41+00:00,1.09611339,1.09618987,1.09509999,1.09523650
2026-09-22T12:18:41+00:00,1.09523650,1.09641871,1.09519638,1.09611269
2026-09-22T12:19:41+00:00,1.09611269,1.09626896,1.09578595,1.09589347
2026-09-22T12:20:41+00:00,1.09589347,1.09596697,1.09484623,1.09501676
2026-09-22T12:21:41+00:00,1.09501676,1.09564732,1.09475747,1.09545477
2026-09-22T12:22:41+00:00,1.09545477,1.09557913,1.09491150,1.09501659
2026-09-22T12:23:41+00:00,1.09501659,1.09525860,1.09443342,1.09457858
2026-09-22T12:24:41+00:00,1.09457858,1.09567868,1.09429635,1.09545424
2026-09-22T12:25:41+00:00,1.09545424,1.09554626,1.09485309,1.09501606
2026-09-22T12:26:41+00:00,1.09501606,1.09564741,1.09499981,1.09523506
2026-09-22T12:27:41+00:00,1.09523506,1.09540872,1.09467011,1.09479697
2026-09-22T12:28:41+00:00,1.09479697,1.09503438,1.09374361,1.09392113
2026-09-22T12:29:41+00:00,1.09392113,1.09442983,1.09366509,1.09370235
2026-09-22T12:30:41+00:00,1.09370235,1.09371437,1.09302971,1.09326487
2026-09-22T12:31:41+00:00,1.09326487,1.09361959,1.09224323,1.09239026
2026-09-22T12:32:41+00:00,1.09239026,1.09336094,1.09205479,1.09282722
2026-09-22T12:33:41+00:00,1.09282722,1.09303828,1.09258705,1.09260865
2026-09-22T12:34:41+00:00,1.09260865,1.09310345,1.09243438,1.09304569
2026-09-22T12:35:41+00:00,1.09304569,1.09404484,1.09304104,1.09392013
2026-09-22T12:36:41+00:00,1.09392013,1.09403403,1.09340397,1.09370135
2026-09-22T12:37:41+00:00,1.09370135,1.09391599,1.09264653,1.09282639
2026-09-22T12:38:41+00:00,1.09282639,1.09342135,1.09270604,1.09326352
2026-09-22T12:39:41+00:00,1.09326352,1.09341762,1.09275507,1.09282621
2026-09-22T12:40:41+00:00,1.09282621,1.09315901,1.09231689,1.09238908
2026-09-22T12:41:41+00:00,1.09238908,1.09352079,1.09206212,1.09326299
2026-09-22T12:42:41+00:00,1.09326299,1.09377899,1.09324410,1.09348164
2026-09-22T12:43:41+00:00,1.09348164,1.09349234,1.09226828,1.09260685
2026-09-22T12:44:41+00:00,1.09260685,1.09320746,1.09249316,1.09304389
2026-09-22T12:45:41+00:00,1.09304389,1.09330906,1.09292920,1.09326250
2026-09-22T12:46:41+00:00,1.09326250,1.09344552,1.09270008,1.09282520
2026-09-22T12:47:41+00:00,1.09282520,1.09296314,1.09251240,1.09260663
2026-09-22T12:48:41+00:00,1.09260663,1.09380523,1.09248378,1.09348072
2026-09-22T12:49:41+00:00,1.09348072,1.09434065,1.09324480,1.09391811
2026-09-22T12:50:41+00:00,1.09391811,1.09396993,1.09347385,1.09348054
2026-09-22T12:51:41+00:00,1.09348054,1.09377549,1.09282275,1.09304315
2026-09-22T12:52:41+00:00,1.09304315,1.09348799,1.09255995,1.09348037
2026-09-22T12:53:41+00:00,1.09348037,1.09414104,1.09337598,1.09391776
2026-09-22T12:54:41+00:00,1.09391776,1.09448793,1.09350538,1.09435533
2026-09-22T12:55:41+00:00,1.09435533,1.09486185,1.09413784,1.09479307
2026-09-22T12:56:41+00:00,1.09479307,1.09482459,1.09406482,1.09457411
2026-09-22T12:57:41+00:00,1.09457411,1.09569628,1.09426823,1.09544977
2026-09-22T12:58:41+00:00,1.09544977,1.09598816,1.09525106,1.09566886
2026-09-22T12:59:41+00:00,1.09566886,1.09663490,1.09556111,1.09654540
2026-09-22T13:00:41+00:00,1.09654540,1.09746337,1.09643759,1.09742264
2026-09-22T13:01:41+00:00,1.09742264,1.09773721,1.09697851,1.09764212
2026-09-22T13:02:41+00:00,1.09764212,1.09817516,1.09737415,1.09808118
2026-09-22T13:03:41+00:00,1.09808118,1.09831198,1.09789478,1.09830080
2026-09-22T13:04:41+00:00,1.09830080,1.09863673,1.09794940,1.09808114
2026-09-22T13:05:41+00:00,1.09808114,1.09853317,1.09783975,1.09852037
2026-09-22T13:06:41+00:00,1.09852037,1.09870271,1.09744872,1.09764155
2026-09-22T13:07:41+00:00,1.09764155,1.09775169,1.09669774,1.09676344
2026-09-22T13:08:41+00:00,1.09676344,1.09692973,1.09648561,1.09654409
2026-09-22T13:09:41+00:00,1.09654409,1.09662337,1.09601090,1.09610547
2026-09-22T13:10:41+00:00,1.09610547,1.09721631,1.09595219,1.09698235
2026-09-22T13:11:41+00:00,1.09698235,1.09736699,1.09697216,1.09720175
2026-09-22T13:12:41+00:00,1.09720175,1.09775817,1.09696011,1.09742119
2026-09-22T13:13:41+00:00,1.09742119,1.09813406,1.09734531,1.09786016
2026-09-22T13:14:41+00:00,1.09786016,1.09794403,1.09755391,1.09764059
2026-09-22T13:15:41+00:00,1.09764059,1.09789068,1.09670230,1.09676248
2026-09-22T13:16:41+00:00,1.09676248,1.09681935,1.09647371,1.09654313
2026-09-22T13:17:41+00:00,1.09654313,1.09717480,1.09634151,1.09698175
2026-09-22T13:18:41+00:00,1.09698175,1.09703152,1.09588554,1.09610416
2026-09-22T13:19:41+00:00,1.09610416,1.09686180,1.09609037,1.09654260
2026-09-22T13:20:41+00:00,1.09654260,1.09749969,1.09628219,1.09741983
2026-09-22T13:21:41+00:00,1.09741983,1.09750701,1.09712917,1.09720035
2026-09-22T13:22:41+00:00,1.09720035,1.09741551,1.09593606,1.09632259
2026-09-22T13:23:41+00:00,1.09632259,1.09678695,1.09627564,1.09676112
2026-09-22T13:24:41+00:00,1.09676112,1.09676319,1.09630949,1.09654177
2026-09-22T13:25:41+00:00,1.09654177,1.09674350,1.09614460,1.09632246
2026-09-22T13:26:41+00:00,1.09632246,1.09645181,1.09574790,1.09610320
2026-09-22T13:27:41+00:00,1.09610320,1.09622799,1.09509484,1.09522632
2026-09-22T13:28:41+00:00,1.09522632,1.09524478,1.09495354,1.09500727
2026-09-22T13:29:41+00:00,1.09500727,1.09536643,1.09488356,1.09522627
2026-09-22T13:30:41+00:00,1.09522627,1.09577485,1.09501493,1.09544532
2026-09-22T13:31:41+00:00,1.09544532,1.09623072,1.09498352,1.09588350
2026-09-22T13:32:41+00:00,1.09588350,1.09687980,1.09583396,1.09676021
2026-09-22T13:33:41+00:00,1.09676021,1.09740699,1.09638339,1.09697956
2026-09-22T13:34:41+00:00,1.09697956,1.09757603,1.09678824,1.09741835
2026-09-22T13:35:41+00:00,1.09741835,1.09861760,1.09732432,1.09829628
2026-09-22T13:36:41+00:00,1.09829628,1.09882127,1.09820165,1.09873560
2026-09-22T13:37:41+00:00,1.09873560,1.09906002,1.09803808,1.09829611
2026-09-22T13:38:41+00:00,1.09829611,1.09840157,1.09760332,1.09785679
2026-09-22T13:39:41+00:00,1.09785679,1.09861077,1.09785025,1.09829593
2026-09-22T13:40:41+00:00,1.09829593,1.09879851,1.09823464,1.09851559
2026-09-22T13:41:41+00:00,1.09851559,1.09855487,1.09739061,1.09763678
2026-09-22T13:42:41+00:00,1.09763678,1.09835839,1.09760122,1.09807583
2026-09-22T13:43:41+00:00,1.09807583,1.09825154,1.09763833,1.09785621
2026-09-22T13:44:41+00:00,1.09785621,1.09873825,1.09776549,1.09873449
2026-09-22T13:45:41+00:00,1.09873449,1.09891001,1.09802381,1.09829500
2026-09-22T13:46:41+00:00,1.09829500,1.09877566,1.09789772,1.09851466
2026-09-22T13:47:41+00:00,1.09851466,1.09941643,1.09846772,1.09939347
2026-09-22T13:48:41+00:00,1.09939347,1.10026189,1.09911984,1.09983323
2026-09-22T13:49:41+00:00,1.09983323,1.10032640,1.09961262,1.09961326
2026-09-22T13:50:41+00:00,1.09961326,1.09995022,1.09946457,1.09983318
2026-09-22T13:51:41+00:00,1.09983318,1.09993586,1.09874054,1.09895331
2026-09-22T13:52:41+00:00,1.09895331,1.09993744,1.09878294,1.09983247
2026-09-22T13:53:41+00:00,1.09983247,1.09994493,1.09932570,1.09939254
2026-09-22T13:54:41+00:00,1.09939254,1.09972970,1.09827220,1.09851303
2026-09-22T13:55:41+00:00,1.09851303,1.09986423,1.09842897,1.09939184
2026-09-22T13:56:41+00:00,1.09939184,1.09976821,1.09877244,1.09917196
2026-09-22T13:57:41+00:00,1.09917196,1.09958472,1.09877556,1.09939179
2026-09-22T13:58:41+00:00,1.09939179,1.09989140,1.09915123,1.09917191
2026-09-22T13:59:41+00:00,1.09917191,1.09921533,1.09842413,1.09895208
2026-09-22T14:00:41+00:00,1.09895208,1.10013292,1.09894821,1.09983124
2026-09-22T14:01:41+00:00,1.09983124,1.10005828,1.09885024,1.09895138
2026-09-22T14:02:41+00:00,1.09895138,1.09942891,1.09864010,1.09873159
2026-09-22T14:03:41+00:00,1.09873159,1.09982259,1.09849329,1.09961058
2026-09-22T14:04:41+00:00,1.09961058,1.09963626,1.09853788,1.09873089
2026-09-22T14:05:41+00:00,1.09873089,1.09941345,1.09853820,1.09917038
2026-09-22T14:06:41+00:00,1.09917038,1.09971987,1.09881134,1.09961005
2026-09-22T14:07:41+00:00,1.09961005,1.09997301,1.09936726,1.09939013
2026-09-22T14:08:41+00:00,1.09939013,1.09953674,1.09842619,1.09895037
2026-09-22T14:09:41+00:00,1.09895037,1.09904930,1.09862989,1.09873058
2026-09-22T14:10:41+00:00,1.09873058,1.09878531,1.09843454,1.09851083
2026-09-22T14:11:41+00:00,1.09851083,1.09963897,1.09823454,1.09938964
2026-09-22T14:12:41+00:00,1.09938964,1.09962018,1.09913724,1.09960952
2026-09-22T14:13:41+00:00,1.09960952,1.10003148,1.09900702,1.09938960
2026-09-22T14:14:41+00:00,1.09938960,1.09992377,1.09919095,1.09960948
2026-09-22T14:15:41+00:00,1.09960948,1.10019514,1.09953336,1.10004932
2026-09-22T14:16:41+00:00,1.10004932,1.10023574,1.09939015,1.09960930
2026-09-22T14:17:41+00:00,1.09960930,1.10057271,1.09923042,1.10048899
2026-09-22T14:18:41+00:00,1.10048899,1.10081260,1.10022976,1.10070909
2026-09-22T14:19:41+00:00,1.10070909,1.10166599,1.10068219,1.10158966
2026-09-22T14:20:41+00:00,1.10158966,1.10181560,1.10106422,1.10136934
2026-09-22T14:21:41+00:00,1.10136934,1.10221132,1.10131279,1.10180989
2026-09-22T14:22:41+00:00,1.10180989,1.10190844,1.10123116,1.10136917
2026-09-22T14:23:41+00:00,1.10136917,1.10163863,1.10130461,1.10158944
2026-09-22T14:24:41+00:00,1.10158944,1.10159902,1.10121999,1.10136912
2026-09-22T14:25:41+00:00,1.10136912,1.10169530,1.10097463,1.10158939
2026-09-22T14:26:41+00:00,1.10158939,1.10164681,1.10109245,1.10114875
2026-09-22T14:27:41+00:00,1.10114875,1.10218366,1.10099014,1.10202967
2026-09-22T14:28:41+00:00,1.10202967,1.10209593,1.10152219,1.10180926
2026-09-22T14:29:41+00:00,1.10180926,1.10183758,1.10044298,1.10092781
2026-09-22T14:30:41+00:00,1.10092781,1.10145075,1.10087238,1.10136818
2026-09-22T14:31:41+00:00,1.10136818,1.10228691,1.10132665,1.10224927
2026-09-22T14:32:41+00:00,1.10224927,1.10247988,1.10198896,1.10246972
2026-09-22T14:33:41+00:00,1.10246972,1.10279602,1.10164867,1.10202873
2026-09-22T14:34:41+00:00,1.10202873,1.10211292,1.10106014,1.10114711
2026-09-22T14:35:41+00:00,1.10114711,1.10154458,1.10103706,1.10136734
2026-09-22T14:36:41+00:00,1.10136734,1.10220684,1.10101239,1.10180789
2026-09-22T14:37:41+00:00,1.10180789,1.10204546,1.10152964,1.10158753
2026-09-22T14:38:41+00:00,1.10158753,1.10160520,1.10111188,1.10114689
2026-09-22T14:39:41+00:00,1.10114689,1.10123121,1.10017562,1.10026597
2026-09-22T14:40:41+00:00,1.10026597,1.10079124,1.10025081,1.10048602
2026-09-22T14:41:41+00:00,1.10048602,1.10146474,1.10043546,1.10136641
2026-09-22T14:42:41+00:00,1.10136641,1.10140825,1.10111167,1.10114614
2026-09-22T14:43:41+00:00,1.10114614,1.10207485,1.10108906,1.10202706
2026-09-22T14:44:41+00:00,1.10202706,1.10224365,1.10166896,1.10180665
2026-09-22T14:45:41+00:00,1.10180665,1.10255081,1.10177552,1.10224737
2026-09-22T14:46:41+00:00,1.10224737,1.10347484,1.10222613,1.10312917
2026-09-22T14:47:41+00:00,1.10312917,1.10377435,1.10281621,1.10357042
2026-09-22T14:48:41+00:00,1.10357042,1.10367191,1.10263078,1.10268756
2026-09-22T14:49:41+00:00,1.10268756,1.10391882,1.10234912,1.10356971
2026-09-22T14:50:41+00:00,1.10356971,1.10372970,1.10268048,1.10312828
2026-09-22T14:51:41+00:00,1.10312828,1.10356236,1.10269953,1.10290765
2026-09-22T14:52:41+00:00,1.10290765,1.10386860,1.10276719,1.10378998
2026-09-22T14:53:41+00:00,1.10378998,1.10393931,1.10351674,1.10356922
2026-09-22T14:54:41+00:00,1.10356922,1.10406709,1.10303349,1.10378993
2026-09-22T14:55:41+00:00,1.10378993,1.10474420,1.10365550,1.10467296
2026-09-22T14:56:41+00:00,1.10467296,1.10509046,1.10467065,1.10489389
2026-09-22T14:57:41+00:00,1.10489389,1.10531252,1.10474351,1.10511487
2026-09-22T14:58:41+00:00,1.10511487,1.10610616,1.10510773,1.10599896
2026-09-22T14:59:41+00:00,1.10599896,1.10633240,1.10569490,1.10577776
2026-09-22T15:00:41+00:00,1.10577776,1.10626295,1.10517274,1.10533545
2026-09-22T15:01:41+00:00,1.10533545,1.10643797,1.10520986,1.10621972
2026-09-22T15:02:41+00:00,1.10621972,1.10664587,1.10614287,1.10644096
2026-09-22T15:03:41+00:00,1.10644096,1.10689221,1.10623669,1.10666225
2026-09-22T15:04:41+00:00,1.10666225,1.10718276,1.10665101,1.10710491
2026-09-22T15:05:41+00:00,1.10710491,1.10725656,1.10588996,1.10621923
2026-09-22T15:06:41+00:00,1.10621923,1.10636602,1.10557402,1.10577674
2026-09-22T15:07:41+00:00,1.10577674,1.10674419,1.10541780,1.10666136
2026-09-22T15:08:41+00:00,1.10666136,1.10682228,1.10618243,1.10621870
2026-09-22T15:09:41+00:00,1.10621870,1.10749283,1.10614980,1.10710367
2026-09-22T15:10:41+00:00,1.10710367,1.10737820,1.10672030,1.10688225
2026-09-22T15:11:41+00:00,1.10688225,1.10804860,1.10685865,1.10776776
2026-09-22T15:12:41+00:00,1.10776776,1.10810535,1.10676210,1.10688155
2026-09-22T15:13:41+00:00,1.10688155,1.10694794,1.10636943,1.10643880
2026-09-22T15:14:41+00:00,1.10643880,1.10682048,1.10592234,1.10599622
2026-09-22T15:15:41+00:00,1.10599622,1.10702240,1.10599371,1.10688102
2026-09-22T15:16:41+00:00,1.10688102,1.10800142,1.10646813,1.10776652
2026-09-22T15:17:41+00:00,1.10776652,1.10807186,1.10745089,1.10754497
2026-09-22T15:18:41+00:00,1.10754497,1.10771015,1.10701030,1.10710195
2026-09-22T15:19:41+00:00,1.10710195,1.10736409,1.10688384,1.10732337
2026-09-22T15:20:41+00:00,1.10732337,1.10768671,1.10668156,1.10710191
2026-09-22T15:21:41+00:00,1.10710191,1.10716238,1.10652009,1.10665907
2026-09-22T15:22:41+00:00,1.10665907,1.10676288,1.10633511,1.10643774
2026-09-22T15:23:41+00:00,1.10643774,1.10680859,1.10601774,1.10621645
2026-09-22T15:24:41+00:00,1.10621645,1.10622783,1.10533896,1.10577396
2026-09-22T15:25:41+00:00,1.10577396,1.10675755,1.10573835,1.10665858
2026-09-22T15:26:41+00:00,1.10665858,1.10689791,1.10553191,1.10577325
2026-09-22T15:27:41+00:00,1.10577325,1.10678786,1.10550271,1.10665787
2026-09-22T15:28:41+00:00,1.10665787,1.10759534,1.10638831,1.10754320
2026-09-22T15:29:41+00:00,1.10754320,1.10804016,1.10743221,1.10776471
2026-09-22T15:30:41+00:00,1.10776471,1.10796758,1.10739700,1.10754316
2026-09-22T15:31:41+00:00,1.10754316,1.10755766,1.10693931,1.10710014
2026-09-22T15:32:41+00:00,1.10710014,1.10807744,1.10671863,1.10798582
2026-09-22T15:33:41+00:00,1.10798582,1.10873060,1.10768774,1.10842901
2026-09-22T15:34:41+00:00,1.10842901,1.10897121,1.10815648,1.10865070
2026-09-22T15:35:41+00:00,1.10865070,1.10895467,1.10816725,1.10887243
2026-09-22T15:36:41+00:00,1.10887243,1.10926470,1.10855876,1.10909420
2026-09-22T15:37:41+00:00,1.10909420,1.10918827,1.10794412,1.10820692
2026-09-22T15:38:41+00:00,1.10820692,1.10882655,1.10818501,1.10865020
2026-09-22T15:39:41+00:00,1.10865020,1.10866363,1.10750431,1.10776328
2026-09-22T15:40:41+00:00,1.10776328,1.10843693,1.10772375,1.10820639
2026-09-22T15:41:41+00:00,1.10820639,1.10849138,1.10761651,1.10776311
2026-09-22T15:42:41+00:00,1.10776311,1.10803186,1.10738547,1.10754156
2026-09-22T15:43:41+00:00,1.10754156,1.10794363,1.10680916,1.10709854
2026-09-22T15:44:41+00:00,1.10709854,1.10776691,1.10704439,1.10754138
2026-09-22T15:45:41+00:00,1.10754138,1.10756291,1.10702483,1.10709836
2026-09-22T15:46:41+00:00,1.10709836,1.10744603,1.10686957,1.10731978
2026-09-22T15:47:41+00:00,1.10731978,1.10739062,1.10709406,1.10709832
2026-09-22T15:48:41+00:00,1.10709832,1.10827282,1.10704489,1.10798400
2026-09-22T15:49:41+00:00,1.10798400,1.10849435,1.10784166,1.10820560
2026-09-22T15:50:41+00:00,1.10820560,1.10831313,1.10718255,1.10731904
2026-09-22T15:51:41+00:00,1.10731904,1.10744560,1.10628019,1.10643318
2026-09-22T15:52:41+00:00,1.10643318,1.10657373,1.10546068,1.10554803
2026-09-22T15:53:41+00:00,1.10554803,1.10582912,1.10554299,1.10576914
2026-09-22T15:54:41+00:00,1.10576914,1.10615532,1.10562253,1.10599029
2026-09-22T15:55:41+00:00,1.10599029,1.10622125,1.10586308,1.10621149
2026-09-22T15:56:41+00:00,1.10621149,1.10686139,1.10562705,1.10665397
2026-09-22T15:57:41+00:00,1.10665397,1.10776931,1.10659157,1.10753929
2026-09-22T15:58:41+00:00,1.10753929,1.10782663,1.10731752,1.10776080
2026-09-22T15:59:41+00:00,1.10776080,1.10812782,1.10719695,1.10731770
2026-09-22T16:00:41+00:00,1.10731770,1.10732648,1.10646441,1.10687477
2026-09-22T16:01:41+00:00,1.10687477,1.10747025,1.10664876,1.10709614
2026-09-22T16:02:41+00:00,1.10709614,1.10718420,1.10640744,1.10687472
2026-09-22T16:03:41+00:00,1.10687472,1.10713188,1.10644044,1.10665335
2026-09-22T16:04:41+00:00,1.10665335,1.10677631,1.10604731,1.10621069
2026-09-22T16:05:41+00:00,1.10621069,1.10640610,1.10589774,1.10598945
2026-09-22T16:06:41+00:00,1.10598945,1.10692850,1.10576334,1.10687424
2026-09-22T16:07:41+00:00,1.10687424,1.10707119,1.10582987,1.10598874
2026-09-22T16:08:41+00:00,1.10598874,1.10615730,1.10500971,1.10510395
2026-09-22T16:09:41+00:00,1.10510395,1.10544647,1.10484781,1.10532497
2026-09-22T16:10:41+00:00,1.10532497,1.10599784,1.10512602,1.10576710
2026-09-22T16:11:41+00:00,1.10576710,1.10651573,1.10560493,1.10620941
2026-09-22T16:12:41+00:00,1.10620941,1.10626080,1.10536228,1.10598817
2026-09-22T16:13:41+00:00,1.10598817,1.10626089,1.10502958,1.10510338
2026-09-22T16:14:41+00:00,1.10510338,1.10513452,1.10417737,1.10421930
2026-09-22T16:15:41+00:00,1.10421930,1.10514265,1.10420954,1.10510268
2026-09-22T16:16:41+00:00,1.10510268,1.10575622,1.10496354,1.10554472
2026-09-22T16:17:41+00:00,1.10554472,1.10658651,1.10538623,1.10642916
2026-09-22T16:18:41+00:00,1.10642916,1.10716629,1.10641160,1.10687173
2026-09-22T16:19:41+00:00,1.10687173,1.10715577,1.10641513,1.10665036
2026-09-22T16:20:41+00:00,1.10665036,1.10690056,1.10634580,1.10642903
2026-09-22T16:21:41+00:00,1.10642903,1.10644423,1.10581581,1.10620774
2026-09-22T16:22:41+00:00,1.10620774,1.10712614,1.10611159,1.10709271
2026-09-22T16:23:41+00:00,1.10709271,1.10718469,1.10617706,1.10620704
2026-09-22T16:24:41+00:00,1.10620704,1.10752396,1.10620374,1.10709201
2026-09-22T16:25:41+00:00,1.10709201,1.10709375,1.10612364,1.10620634
2026-09-22T16:26:41+00:00,1.10620634,1.10624129,1.10572154,1.10576386
2026-09-22T16:27:41+00:00,1.10576386,1.10651948,1.10555733,1.10620617
2026-09-22T16:28:41+00:00,1.10620617,1.10670470,1.10604908,1.10664865
2026-09-22T16:29:41+00:00,1.10664865,1.10693942,1.10635493,1.10642732
2026-09-22T16:30:41+00:00,1.10642732,1.10645502,1.10616746,1.10620603
2026-09-22T16:31:41+00:00,1.10620603,1.10729023,1.10612869,1.10709099
2026-09-22T16:32:41+00:00,1.10709099,1.10762550,1.10704123,1.10753383
2026-09-22T16:33:41+00:00,1.10753383,1.10753997,1.10715542,1.10731232
2026-09-22T16:34:41+00:00,1.10731232,1.10789193,1.10696179,1.10775524
2026-09-22T16:35:41+00:00,1.10775524,1.10790098,1.10726300,1.10731214
2026-09-22T16:36:41+00:00,1.10731214,1.10746952,1.10703901,1.10709068
2026-09-22T16:37:41+00:00,1.10709068,1.10792788,1.10687003,1.10753352
2026-09-22T16:38:41+00:00,1.10753352,1.10785755,1.10747305,1.10775503
2026-09-22T16:39:41+00:00,1.10775503,1.10860200,1.10769446,1.10819813
2026-09-22T16:40:41+00:00,1.10819813,1.10871444,1.10768629,1.10841977
2026-09-22T16:41:41+00:00,1.10841977,1.10975859,1.10826258,1.10930651
2026-09-22T16:42:41+00:00,1.10930651,1.11026468,1.10907581,1.10975023
2026-09-22T16:43:41+00:00,1.10975023,1.11020021,1.10856623,1.10886243
2026-09-22T16:44:41+00:00,1.10886243,1.10920250,1.10849514,1.10908420
2026-09-22T16:45:41+00:00,1.10908420,1.11001036,1.10873748,1.10997147
2026-09-22T16:46:41+00:00,1.10997147,1.11002553,1.10914546,1.10952748
2026-09-22T16:47:41+00:00,1.10952748,1.10964284,1.10921076,1.10930557
2026-09-22T16:48:41+00:00,1.10930557,1.11015725,1.10918870,1.10974929
2026-09-22T16:49:41+00:00,1.10974929,1.10978768,1.10923782,1.10930539
2026-09-22T16:50:41+00:00,1.10930539,1.10986388,1.10904642,1.10974911
2026-09-22T16:51:41+00:00,1.10974911,1.11013332,1.10911138,1.10930521
2026-09-22T16:52:41+00:00,1.10930521,1.10978881,1.10928649,1.10974893
2026-09-22T16:53:41+00:00,1.10974893,1.10977055,1.10938514,1.10952698
2026-09-22T16:54:41+00:00,1.10952698,1.11043299,1.10938220,1.11041460
2026-09-22T16:55:41+00:00,1.11041460,1.11083997,1.11023130,1.11063668
2026-09-22T16:56:41+00:00,1.11063668,1.11124110,1.11013271,1.11108093
2026-09-22T16:57:41+00:00,1.11108093,1.11158698,1.11087743,1.11130315
2026-09-22T16:58:41+00:00,1.11130315,1.11190190,1.11128288,1.11174767
2026-09-22T16:59:41+00:00,1.11174767,1.11288624,1.11154472,1.11263707
2026-09-22T17:00:41+00:00,1.11263707,1.11368200,1.11254143,1.11352718
2026-09-22T17:01:41+00:00,1.11352718,1.11400081,1.11346808,1.11397259
2026-09-22T17:02:41+00:00,1.11397259,1.11451861,1.11365748,1.11441818
2026-09-22T17:03:41+00:00,1.11441818,1.11488098,1.11374371,1.11397241
2026-09-22T17:04:41+00:00,1.11397241,1.11457945,1.11395869,1.11419520
2026-09-22T17:05:41+00:00,1.11419520,1.11454317,1.11392292,1.11397236
2026-09-22T17:06:41+00:00,1.11397236,1.11503675,1.11384165,1.11486354
2026-09-22T17:07:41+00:00,1.11486354,1.11554296,1.11467783,1.11530949
2026-09-22T17:08:41+00:00,1.11530949,1.11556152,1.11494319,1.11553255
2026-09-22T17:09:41+00:00,1.11553255,1.11669426,1.11544894,1.11642498
2026-09-22T17:10:41+00:00,1.11642498,1.11696868,1.11590039,1.11597841
2026-09-22T17:11:41+00:00,1.11597841,1.11628161,1.11589274,1.11620161
2026-09-22T17:12:41+00:00,1.11620161,1.11666683,1.11562076,1.11575513
2026-09-22T17:13:41+00:00,1.11575513,1.11581442,1.11509706,1.11530883
2026-09-22T17:14:41+00:00,1.11530883,1.11561468,1.11479291,1.11553189
2026-09-22T17:15:41+00:00,1.11553189,1.11553683,1.11451346,1.11463946
2026-09-22T17:16:41+00:00,1.11463946,1.11501450,1.11451906,1.11486239
2026-09-22T17:17:41+00:00,1.11486239,1.11537182,1.11475014,1.11530833
2026-09-22T17:18:41+00:00,1.11530833,1.11531407,1.11431215,1.11441608
2026-09-22T17:19:41+00:00,1.11441608,1.11442049,1.11349875,1.11352455
2026-09-22T17:20:41+00:00,1.11352455,1.11414511,1.11324188,1.11396996
2026-09-22T17:21:41+00:00,1.11396996,1.11490972,1.11370561,1.11486114
2026-09-22T17:22:41+00:00,1.11486114,1.11583946,1.11471687,1.11575303
2026-09-22T17:23:41+00:00,1.11575303,1.11578509,1.11508081,1.11530673
2026-09-22T17:24:41+00:00,1.11530673,1.11571933,1.11457111,1.11486061
2026-09-22T17:25:41+00:00,1.11486061,1.11525690,1.11451719,1.11508358
2026-09-22T17:26:41+00:00,1.11508358,1.11541719,1.11505898,1.11530660
2026-09-22T17:27:41+00:00,1.11530660,1.11583316,1.11493717,1.11575272
2026-09-22T17:28:41+00:00,1.11575272,1.11609419,1.11538936,1.11597587
2026-09-22T17:29:41+00:00,1.11597587,1.11658013,1.11575691,1.11642226
2026-09-22T17:30:41+00:00,1.11642226,1.11746772,1.11637803,1.11731540
2026-09-22T17:31:41+00:00,1.11731540,1.11744738,1.11692596,1.11709194
2026-09-22T17:32:41+00:00,1.11709194,1.11766416,1.11693598,1.11753878
2026-09-22T17:33:41+00:00,1.11753878,1.11757135,1.11644647,1.11664475
2026-09-22T17:34:41+00:00,1.11664475,1.11717381,1.11646368,1.11709141
2026-09-22T17:35:41+00:00,1.11709141,1.11794685,1.11688825,1.11731483
2026-09-22T17:36:41+00:00,1.11731483,1.11829708,1.11722542,1.11820868
2026-09-22T17:37:41+00:00,1.11820868,1.11851448,1.11794607,1.11843232
2026-09-22T17:38:41+00:00,1.11843232,1.11948673,1.11796032,1.11887969
2026-09-22T17:39:41+00:00,1.11887969,1.11907493,1.11811561,1.11843214
2026-09-22T17:40:41+00:00,1.11843214,1.11871590,1.11835262,1.11865583
2026-09-22T17:41:41+00:00,1.11865583,1.11902893,1.11822674,1.11843210
2026-09-22T17:42:41+00:00,1.11843210,1.11906622,1.11840786,1.11865579
2026-09-22T17:43:41+00:00,1.11865579,1.11868523,1.11811112,1.11843206
2026-09-22T17:44:41+00:00,1.11843206,1.11893039,1.11817726,1.11887943
2026-09-22T17:45:41+00:00,1.11887943,1.11913364,1.11885247,1.11910321
2026-09-22T17:46:41+00:00,1.11910321,1.11967839,1.11909122,1.11955085
2026-09-22T17:47:41+00:00,1.11955085,1.11963521,1.11844401,1.11865521
2026-09-22T17:48:41+00:00,1.11865521,1.11923576,1.11837282,1.11887894
2026-09-22T17:49:41+00:00,1.11887894,1.11920241,1.11884465,1.11910272
2026-09-22T17:50:41+00:00,1.11910272,1.11931691,1.11819382,1.11820744
2026-09-22T17:51:41+00:00,1.11820744,1.11831817,1.11738179,1.11798380
2026-09-22T17:52:41+00:00,1.11798380,1.11841849,1.11768499,1.11820740
2026-09-22T17:53:41+00:00,1.11820740,1.11841392,1.11767069,1.11776012
2026-09-22T17:54:41+00:00,1.11776012,1.11799264,1.11772713,1.11798367
2026-09-22T17:55:41+00:00,1.11798367,1.11878235,1.11775005,1.11843086
2026-09-22T17:56:41+00:00,1.11843086,1.11844660,1.11733858,1.11753612
2026-09-22T17:57:41+00:00,1.11753612,1.11782081,1.11725895,1.11775963
2026-09-22T17:58:41+00:00,1.11775963,1.11871822,1.11772750,1.11865384
2026-09-22T17:59:41+00:00,1.11865384,1.11960808,1.11859395,1.11954876
2026-09-22T18:00:41+00:00,1.11954876,1.11965043,1.11850836,1.11865312
2026-09-22T18:01:41+00:00,1.11865312,1.11898586,1.11810022,1.11820566
2026-09-22T18:02:41+00:00,1.11820566,1.11873063,1.11783668,1.11842930
2026-09-22T18:03:41+00:00,1.11842930,1.11844997,1.11818299,1.11820561
2026-09-22T18:04:41+00:00,1.11820561,1.11912649,1.11795087,1.11910017
2026-09-22T18:05:41+00:00,1.11910017,1.11952913,1.11886844,1.11932399
2026-09-22T18:06:41+00:00,1.11932399,1.11969898,1.11912777,1.11954785
2026-09-22T18:07:41+00:00,1.11954785,1.11963367,1.11824906,1.11865221
2026-09-22T18:08:41+00:00,1.11865221,1.11867630,1.11768627,1.11775729
2026-09-22T18:09:41+00:00,1.11775729,1.11900855,1.11746568,1.11865150
2026-09-22T18:10:41+00:00,1.11865150,1.11914692,1.11863867,1.11909896
2026-09-22T18:11:41+00:00,1.11909896,1.11981674,1.11889288,1.11932278
2026-09-22T18:12:41+00:00,1.11932278,1.11968419,1.11916164,1.11954664
2026-09-22T18:13:41+00:00,1.11954664,1.11954986,1.11929593,1.11932273
2026-09-22T18:14:41+00:00,1.11932273,1.11951133,1.11868410,1.11887500
2026-09-22T18:15:41+00:00,1.11887500,1.11892900,1.11851498,1.11865123
2026-09-22T18:16:41+00:00,1.11865123,1.11866435,1.11775076,1.11775631
2026-09-22T18:17:41+00:00,1.11775631,1.11780892,1.11698044,1.11730921
2026-09-22T18:18:41+00:00,1.11730921,1.11779441,1.11717456,1.11753267
2026-09-22T18:19:41+00:00,1.11753267,1.11779829,1.11743093,1.11775618
2026-09-22T18:20:41+00:00,1.11775618,1.11793365,1.11671868,1.11686198
2026-09-22T18:21:41+00:00,1.11686198,1.11704602,1.11603834,1.11663861
2026-09-22T18:22:41+00:00,1.11663861,1.11759553,1.11654731,1.11753192
2026-09-22T18:23:41+00:00,1.11753192,1.11846412,1.11725197,1.11842595
2026-09-22T18:24:41+00:00,1.11842595,1.11934870,1.11835019,1.11887332
2026-09-22T18:25:41+00:00,1.11887332,1.11906601,1.11820255,1.11842577
2026-09-22T18:26:41+00:00,1.11842577,1.11879447,1.11816708,1.11864946
2026-09-22T18:27:41+00:00,1.11864946,1.11913255,1.11805920,1.11820200
2026-09-22T18:28:41+00:00,1.11820200,1.11908832,1.11803223,1.11864928
2026-09-22T18:29:41+00:00,1.11864928,1.11865983,1.11819048,1.11842555
2026-09-22T18:30:41+00:00,1.11842555,1.11909838,1.11841612,1.11864924
2026-09-22T18:31:41+00:00,1.11864924,1.11880507,1.11831774,1.11842551
2026-09-22T18:32:41+00:00,1.11842551,1.11898423,1.11727274,1.11753077
2026-09-22T18:33:41+00:00,1.11753077,1.11806156,1.11727204,1.11797778
2026-09-22T18:34:41+00:00,1.11797778,1.11851644,1.11786574,1.11842497
2026-09-22T18:35:41+00:00,1.11842497,1.11941372,1.11835216,1.11931971
2026-09-22T18:36:41+00:00,1.11931971,1.11957976,1.11871538,1.11887198
2026-09-22T18:37:41+00:00,1.11887198,1.11988069,1.11884159,1.11976708
2026-09-22T18:38:41+00:00,1.11976708,1.12041753,1.11975264,1.11999103
2026-09-22T18:39:41+00:00,1.11999103,1.12061698,1.11962214,1.12043903
2026-09-22T18:40:41+00:00,1.12043903,1.12046770,1.11948107,1.11954268
2026-09-22T18:41:41+00:00,1.11954268,1.12030629,1.11953758,1.11999050
2026-09-22T18:42:41+00:00,1.11999050,1.12052028,1.11969579,1.12043850
2026-09-22T18:43:41+00:00,1.12043850,1.12146780,1.12041989,1.12133485
2026-09-22T18:44:41+00:00,1.12133485,1.12143834,1.12057333,1.12088632
2026-09-22T18:45:41+00:00,1.12088632,1.12090578,1.12038050,1.12043797
2026-09-22T18:46:41+00:00,1.12043797,1.12105052,1.12018060,1.12088615
2026-09-22T18:47:41+00:00,1.12088615,1.12200404,1.12087035,1.12178286
2026-09-22T18:48:41+00:00,1.12178286,1.12185395,1.12101106,1.12133415
2026-09-22T18:49:41+00:00,1.12133415,1.12235282,1.12128143,1.12223122
2026-09-22T18:50:41+00:00,1.12223122,1.12229807,1.12174090,1.12178233
2026-09-22T18:51:41+00:00,1.12178233,1.12189797,1.12118248,1.12133362
2026-09-22T18:52:41+00:00,1.12133362,1.12152854,1.12018664,1.12043655
2026-09-22T18:53:41+00:00,1.12043655,1.12054428,1.11931116,1.11954020
2026-09-22T18:54:41+00:00,1.11954020,1.12003121,1.11947210,1.11998802
2026-09-22T18:55:41+00:00,1.11998802,1.12017761,1.11975780,1.11976402
2026-09-22T18:56:41+00:00,1.11976402,1.11989227,1.11923679,1.11931611
2026-09-22T18:57:41+00:00,1.11931611,1.11971036,1.11917847,1.11953997
2026-09-22T18:58:41+00:00,1.11953997,1.11987515,1.11904371,1.11909215
2026-09-22T18:59:41+00:00,1.11909215,1.11940496,1.11806620,1.11819688
2026-09-22T19:00:41+00:00,1.11819688,1.11852519,1.11764927,1.11774960
2026-09-22T19:01:41+00:00,1.11774960,1.11805429,1.11763739,1.11797315
2026-09-22T19:02:41+00:00,1.11797315,1.11872594,1.11734459,1.11842034
2026-09-22T19:03:41+00:00,1.11842034,1.11953210,1.11804817,1.11931508
2026-09-22T19:04:41+00:00,1.11931508,1.11966467,1.11905890,1.11953894
2026-09-22T19:05:41+00:00,1.11953894,1.12115314,1.11932119,1.12043457
2026-09-22T19:06:41+00:00,1.12043457,1.12160543,1.12036371,1.12133092
2026-09-22T19:07:41+00:00,1.12133092,1.12178117,1.12117406,1.12177945
2026-09-22T19:08:41+00:00,1.12177945,1.12181863,1.12075464,1.12088203
2026-09-22T19:09:41+00:00,1.12088203,1.12150428,1.12083575,1.12110621
2026-09-22T19:10:41+00:00,1.12110621,1.12156755,1.12101888,1.12155465
2026-09-22T19:11:41+00:00,1.12155465,1.12210892,1.12123460,1.12200327
2026-09-22T19:12:41+00:00,1.12200327,1.12323305,1.12195952,1.12290087
2026-09-22T19:13:41+00:00,1.12290087,1.12388679,1.12237364,1.12379919
2026-09-22T19:14:41+00:00,1.12379919,1.12479637,1.12360771,1.12424871
2026-09-22T19:15:41+00:00,1.12424871,1.12450232,1.12381159,1.12447356
2026-09-22T19:16:41+00:00,1.12447356,1.12472655,1.12439478,1.12469845
2026-09-22T19:17:41+00:00,1.12469845,1.12485737,1.12358384,1.12379869
2026-09-22T19:18:41+00:00,1.12379869,1.12410227,1.12375172,1.12402345
2026-09-22T19:19:41+00:00,1.12402345,1.12507791,1.12387144,1.12492267
2026-09-22T19:20:41+00:00,1.12492267,1.12554488,1.12479084,1.12537264
2026-09-22T19:21:41+00:00,1.12537264,1.12561369,1.12486811,1.12492249
2026-09-22T19:22:41+00:00,1.12492249,1.12501248,1.12388887,1.12402255
2026-09-22T19:23:41+00:00,1.12402255,1.12419104,1.12345144,1.12357294
2026-09-22T19:24:41+00:00,1.12357294,1.12381160,1.12295912,1.12312351
2026-09-22T19:25:41+00:00,1.12312351,1.12346291,1.12263525,1.12267426
2026-09-22T19:26:41+00:00,1.12267426,1.12365230,1.12240462,1.12357240
2026-09-22T19:27:41+00:00,1.12357240,1.12358824,1.12242947,1.12267354
2026-09-22T19:28:41+00:00,1.12267354,1.12308570,1.12221105,1.12222447
2026-09-22T19:29:41+00:00,1.12222447,1.12246451,1.12111517,1.12132669
2026-09-22T19:30:41+00:00,1.12132669,1.12194111,1.12126716,1.12177522
2026-09-22T19:31:41+00:00,1.12177522,1.12226319,1.12082388,1.12087780
2026-09-22T19:32:41+00:00,1.12087780,1.12100227,1.11985103,1.11998110
2026-09-22T19:33:41+00:00,1.11998110,1.12061311,1.11993704,1.12020510
2026-09-22T19:34:41+00:00,1.12020510,1.12052934,1.11999772,1.12042914
2026-09-22T19:35:41+00:00,1.12042914,1.12106967,1.12029235,1.12065323
2026-09-22T19:36:41+00:00,1.12065323,1.12078527,1.11993508,1.12042910
2026-09-22T19:37:41+00:00,1.12042910,1.12141383,1.12000762,1.12132544
2026-09-22T19:38:41+00:00,1.12132544,1.12176833,1.12083588,1.12110117
2026-09-22T19:39:41+00:00,1.12110117,1.12162248,1.12083922,1.12154961
2026-09-22T19:40:41+00:00,1.12154961,1.12155935,1.12069095,1.12110099
2026-09-22T19:41:41+00:00,1.12110099,1.12210798,1.12104505,1.12199787
2026-09-22T19:42:41+00:00,1.12199787,1.12202375,1.12137327,1.12177347
2026-09-22T19:43:41+00:00,1.12177347,1.12216370,1.12149630,1.12199782
2026-09-22T19:44:41+00:00,1.12199782,1.12201656,1.12156228,1.12177342
2026-09-22T19:45:41+00:00,1.12177342,1.12194779,1.12129866,1.12132471
2026-09-22T19:46:41+00:00,1.12132471,1.12234028,1.12120349,1.12222177
2026-09-22T19:47:41+00:00,1.12222177,1.12268622,1.12124690,1.12132399
2026-09-22T19:48:41+00:00,1.12132399,1.12145553,1.12104821,1.12109973
2026-09-22T19:49:41+00:00,1.12109973,1.12115459,1.12047541,1.12065129
2026-09-22T19:50:41+00:00,1.12065129,1.12104453,1.12049003,1.12087542
2026-09-22T19:51:41+00:00,1.12087542,1.12113230,1.12086695,1.12109960
2026-09-22T19:52:41+00:00,1.12109960,1.12158005,1.12081419,1.12154804
2026-09-22T19:53:41+00:00,1.12154804,1.12156325,1.12102075,1.12109942
2026-09-22T19:54:41+00:00,1.12109942,1.12159259,1.12088122,1.12154786
2026-09-22T19:55:41+00:00,1.12154786,1.12193983,1.12149715,1.12177217
2026-09-22T19:56:41+00:00,1.12177217,1.12188367,1.12084626,1.12087475
2026-09-22T19:57:41+00:00,1.12087475,1.12116426,1.12075544,1.12109892
2026-09-22T19:58:41+00:00,1.12109892,1.12140587,1.12057524,1.12065048
2026-09-22T19:59:41+00:00,1.12065048,1.12111499,1.11972452,1.12042635
2026-09-22T20:00:41+00:00,1.12042635,1.12099632,1.12038231,1.12087452
2026-09-22T20:01:41+00:00,1.12087452,1.12100938,1.12064141,1.12065035
2026-09-22T20:02:41+00:00,1.12065035,1.12075167,1.12038036,1.12042622
2026-09-22T20:03:41+00:00,1.12042622,1.12106655,1.11944348,1.11952988
2026-09-22T20:04:41+00:00,1.11952988,1.11966519,1.11828121,1.11863426
2026-09-22T20:05:41+00:00,1.11863426,1.11879236,1.11796532,1.11818681
2026-09-22T20:06:41+00:00,1.11818681,1.11851120,1.11805441,1.11841045
2026-09-22T20:07:41+00:00,1.11841045,1.11897638,1.11788783,1.11796309
2026-09-22T20:08:41+00:00,1.11796309,1.11838837,1.11745500,1.11751590
2026-09-22T20:09:41+00:00,1.11751590,1.11799190,1.11730994,1.11796291
2026-09-22T20:10:41+00:00,1.11796291,1.11845908,1.11781193,1.11841010
2026-09-22T20:11:41+00:00,1.11841010,1.11883938,1.11770173,1.11818642
2026-09-22T20:12:41+00:00,1.11818642,1.11829724,1.11720715,1.11729187
2026-09-22T20:13:41+00:00,1.11729187,1.11731270,1.11633734,1.11639804
2026-09-22T20:14:41+00:00,1.11639804,1.11648275,1.11576630,1.11595148
2026-09-22T20:15:41+00:00,1.11595148,1.11727535,1.11592595,1.11684424
2026-09-22T20:16:41+00:00,1.11684424,1.11707750,1.11589257,1.11595076
2026-09-22T20:17:41+00:00,1.11595076,1.11601372,1.11536704,1.11550438
2026-09-22T20:18:41+00:00,1.11550438,1.11552725,1.11508995,1.11528128
2026-09-22T20:19:41+00:00,1.11528128,1.11559398,1.11432446,1.11438905
2026-09-22T20:20:41+00:00,1.11438905,1.11468367,1.11375782,1.11416617
2026-09-22T20:21:41+00:00,1.11416617,1.11459983,1.11390773,1.11438900
2026-09-22T20:22:41+00:00,1.11438900,1.11464346,1.11380466,1.11394324
2026-09-22T20:23:41+00:00,1.11394324,1.11496651,1.11382545,1.11483439
2026-09-22T20:24:41+00:00,1.11483439,1.11610138,1.11432397,1.11572626
2026-09-22T20:25:41+00:00,1.11572626,1.11579574,1.11470052,1.11483368
2026-09-22T20:26:41+00:00,1.11483368,1.11495995,1.11373103,1.11394181
2026-09-22T20:27:41+00:00,1.11394181,1.11498258,1.11369500,1.11483296
2026-09-22T20:28:41+00:00,1.11483296,1.11504778,1.11393469,1.11394109
2026-09-22T20:29:41+00:00,1.11394109,1.11406540,1.11342321,1.11349551
2026-09-22T20:30:41+00:00,1.11349551,1.11372699,1.11325650,1.11371821
2026-09-22T20:31:41+00:00,1.11371821,1.11396230,1.11258396,1.11282724
2026-09-22T20:32:41+00:00,1.11282724,1.11311760,1.11255745,1.11304981
2026-09-22T20:33:41+00:00,1.11304981,1.11311639,1.11215879,1.11215937
2026-09-22T20:34:41+00:00,1.11215937,1.11240350,1.11142824,1.11193694
2026-09-22T20:35:41+00:00,1.11193694,1.11218753,1.11175928,1.11215933
2026-09-22T20:36:41+00:00,1.11215933,1.11264423,1.11204232,1.11238176
2026-09-22T20:37:41+00:00,1.11238176,1.11247796,1.11198203,1.11215928
2026-09-22T20:38:41+00:00,1.11215928,1.11241034,1.11201675,1.11238171
2026-09-22T20:39:41+00:00,1.11238171,1.11290924,1.11235405,1.11282666
2026-09-22T20:40:41+00:00,1.11282666,1.11297514,1.11184504,1.11193640
2026-09-22T20:41:41+00:00,1.11193640,1.11203179,1.11133618,1.11149163
2026-09-22T20:42:41+00:00,1.11149163,1.11158195,1.11089181,1.11104703
2026-09-22T20:43:41+00:00,1.11104703,1.11163872,1.11084142,1.11149145
2026-09-22T20:44:41+00:00,1.11149145,1.11151976,1.11096262,1.11104685
2026-09-22T20:45:41+00:00,1.11104685,1.11129440,1.10984232,1.11015801
2026-09-22T20:46:41+00:00,1.11015801,1.11060791,1.11002235,1.11060207
2026-09-22T20:47:41+00:00,1.11060207,1.11074943,1.11026973,1.11037995
2026-09-22T20:48:41+00:00,1.11037995,1.11057615,1.10940478,1.10949165
2026-09-22T20:49:41+00:00,1.10949165,1.11008132,1.10943710,1.10993545
2026-09-22T20:50:41+00:00,1.10993545,1.11026148,1.10950932,1.11015744
2026-09-22T20:51:41+00:00,1.11015744,1.11043957,1.11003487,1.11037947
2026-09-22T20:52:41+00:00,1.11037947,1.11049580,1.10971369,1.10993532
2026-09-22T20:53:41+00:00,1.10993532,1.11009372,1.10884383,1.10904737
2026-09-22T20:54:41+00:00,1.10904737,1.10947207,1.10883825,1.10926918
2026-09-22T20:55:41+00:00,1.10926918,1.10949050,1.10854222,1.10904733
2026-09-22T20:56:41+00:00,1.10904733,1.10997440,1.10890256,1.10993457
2026-09-22T20:57:41+00:00,1.10993457,1.11122594,1.10993449,1.11082252
2026-09-22T20:58:41+00:00,1.11082252,1.11163260,1.11077302,1.11126685
2026-09-22T20:59:41+00:00,1.11126685,1.11188690,1.11123559,1.11171136
2026-09-22T21:00:41+00:00,1.11171136,1.11185490,1.11105116,1.11126668
2026-09-22T21:01:41+00:00,1.11126668,1.11157406,1.11025554,1.11037767
2026-09-22T21:02:41+00:00,1.11037767,1.11110118,1.11019400,1.11059975
2026-09-22T21:03:41+00:00,1.11059975,1.11108892,1.11042489,1.11104399
2026-09-22T21:04:41+00:00,1.11104399,1.11118290,1.11068208,1.11082178
2026-09-22T21:05:41+00:00,1.11082178,1.11094554,1.10944512,1.10993312
2026-09-22T21:06:41+00:00,1.10993312,1.11058971,1.10977953,1.11015511
2026-09-22T21:07:41+00:00,1.11015511,1.11034116,1.10988913,1.10993308
2026-09-22T21:08:41+00:00,1.10993308,1.11060634,1.10981710,1.11037705
2026-09-22T21:09:41+00:00,1.11037705,1.11073800,1.10978587,1.10993290
2026-09-22T21:10:41+00:00,1.10993290,1.11011690,1.10866987,1.10904495
2026-09-22T21:11:41+00:00,1.10904495,1.10915356,1.10807380,1.10815771
2026-09-22T21:12:41+00:00,1.10815771,1.10886931,1.10809292,1.10860097
2026-09-22T21:13:41+00:00,1.10860097,1.10902803,1.10827210,1.10882269
2026-09-22T21:14:41+00:00,1.10882269,1.10897122,1.10760586,1.10793563
2026-09-22T21:15:41+00:00,1.10793563,1.10894634,1.10779472,1.10882198
2026-09-22T21:16:41+00:00,1.10882198,1.10898236,1.10827376,1.10837845
2026-09-22T21:17:41+00:00,1.10837845,1.10846417,1.10767256,1.10793510
2026-09-22T21:18:41+00:00,1.10793510,1.10837842,1.10752715,1.10815669
2026-09-22T21:19:41+00:00,1.10815669,1.10850850,1.10769437,1.10771343
2026-09-22T21:20:41+00:00,1.10771343,1.10837790,1.10760225,1.10815652
2026-09-22T21:21:41+00:00,1.10815652,1.10820011,1.10766661,1.10771326
2026-09-22T21:22:41+00:00,1.10771326,1.10826795,1.10758159,1.10815635
2026-09-22T21:23:41+00:00,1.10815635,1.10859670,1.10802129,1.10837798
2026-09-22T21:24:41+00:00,1.10837798,1.10849609,1.10727997,1.10749128
2026-09-22T21:25:41+00:00,1.10749128,1.10786232,1.10712884,1.10726978
2026-09-22T21:26:41+00:00,1.10726978,1.10786554,1.10693201,1.10771269
2026-09-22T21:27:41+00:00,1.10771269,1.10810633,1.10763533,1.10793423
2026-09-22T21:28:41+00:00,1.10793423,1.10833552,1.10791971,1.10815582
2026-09-22T21:29:41+00:00,1.10815582,1.10817919,1.10759767,1.10771256
2026-09-22T21:30:41+00:00,1.10771256,1.10778246,1.10674259,1.10682639
2026-09-22T21:31:41+00:00,1.10682639,1.10714512,1.10668550,1.10704776
2026-09-22T21:32:41+00:00,1.10704776,1.10814720,1.10676413,1.10793340
2026-09-22T21:33:41+00:00,1.10793340,1.10826137,1.10786071,1.10815499
2026-09-22T21:34:41+00:00,1.10815499,1.10878767,1.10794108,1.10859825
2026-09-22T21:35:41+00:00,1.10859825,1.10919068,1.10827050,1.10904169
2026-09-22T21:36:41+00:00,1.10904169,1.10917719,1.10869574,1.10881988
2026-09-22T21:37:41+00:00,1.10881988,1.10900392,1.10828293,1.10859812
2026-09-22T21:38:41+00:00,1.10859812,1.10958694,1.10849500,1.10948500
2026-09-22T21:39:41+00:00,1.10948500,1.10998658,1.10856925,1.10859741
2026-09-22T21:40:41+00:00,1.10859741,1.10953341,1.10831190,1.10948429
2026-09-22T21:41:41+00:00,1.10948429,1.10979342,1.10891551,1.10904050
2026-09-22T21:42:41+00:00,1.10904050,1.10934618,1.10828370,1.10859688
2026-09-22T21:43:41+00:00,1.10859688,1.10864924,1.10813149,1.10815344
2026-09-22T21:44:41+00:00,1.10815344,1.10872852,1.10789121,1.10859670
2026-09-22T21:45:41+00:00,1.10859670,1.10865329,1.10829331,1.10837498
2026-09-22T21:46:41+00:00,1.10837498,1.10849176,1.10740454,1.10748828
2026-09-22T21:47:41+00:00,1.10748828,1.10763178,1.10708303,1.10726678
2026-09-22T21:48:41+00:00,1.10726678,1.10735340,1.10620917,1.10638097
2026-09-22T21:49:41+00:00,1.10638097,1.10728284,1.10628461,1.10726607
2026-09-22T21:50:41+00:00,1.10726607,1.10832640,1.10715675,1.10815188
2026-09-22T21:51:41+00:00,1.10815188,1.10820347,1.10754103,1.10793025
2026-09-22T21:52:41+00:00,1.10793025,1.10848878,1.10770253,1.10837342
2026-09-22T21:53:41+00:00,1.10837342,1.10874987,1.10743887,1.10748672
2026-09-22T21:54:41+00:00,1.10748672,1.10751529,1.10616526,1.10660073
2026-09-22T21:55:41+00:00,1.10660073,1.10660535,1.10614827,1.10637941
2026-09-22T21:56:41+00:00,1.10637941,1.10663943,1.10544976,1.10549431
2026-09-22T21:57:41+00:00,1.10549431,1.10602594,1.10519934,1.10593651
2026-09-22T21:58:41+00:00,1.10593651,1.10605031,1.10465531,1.10505176
2026-09-22T21:59:41+00:00,1.10505176,1.10515824,1.10448310,1.10460974
2026-09-22T22:00:41+00:00,1.10460974,1.10557601,1.10452052,1.10549343
2026-09-22T22:01:41+00:00,1.10549343,1.10561165,1.10507623,1.10527233
2026-09-22T22:02:41+00:00,1.10527233,1.10537266,1.10463715,1.10483022
2026-09-22T22:03:41+00:00,1.10483022,1.10537621,1.10464430,1.10527215
2026-09-22T22:04:41+00:00,1.10527215,1.10587487,1.10525078,1.10571426
2026-09-22T22:05:41+00:00,1.10571426,1.10621272,1.10563492,1.10615655
2026-09-22T22:06:41+00:00,1.10615655,1.10637259,1.10550636,1.10593532
2026-09-22T22:07:41+00:00,1.10593532,1.10608643,1.10493769,1.10505057
2026-09-22T22:08:41+00:00,1.10505057,1.10543086,1.10493255,1.10527158
2026-09-22T22:09:41+00:00,1.10527158,1.10571989,1.10519594,1.10549263
2026-09-22T22:10:41+00:00,1.10549263,1.10552268,1.10492689,1.10505043
2026-09-22T22:11:41+00:00,1.10505043,1.10505360,1.10414773,1.10416639
2026-09-22T22:12:41+00:00,1.10416639,1.10456582,1.10386271,1.10438722
2026-09-22T22:13:41+00:00,1.10438722,1.10452470,1.10400202,1.10416634
2026-09-22T22:14:41+00:00,1.10416634,1.10426332,1.10290640,1.10328301
2026-09-22T22:15:41+00:00,1.10328301,1.10417452,1.10322159,1.10416564
2026-09-22T22:16:41+00:00,1.10416564,1.10436023,1.10360364,1.10372397
2026-09-22T22:17:41+00:00,1.10372397,1.10375446,1.10304908,1.10328248
2026-09-22T22:18:41+00:00,1.10328248,1.10330934,1.10281918,1.10306182
2026-09-22T22:19:41+00:00,1.10306182,1.10307424,1.10245151,1.10262060
2026-09-22T22:20:41+00:00,1.10262060,1.10298825,1.10204540,1.10240008
2026-09-22T22:21:41+00:00,1.10240008,1.10322303,1.10231877,1.10262056
2026-09-22T22:22:41+00:00,1.10262056,1.10295053,1.10203486,1.10217951
2026-09-22T22:23:41+00:00,1.10217951,1.10226474,1.10194046,1.10195907
2026-09-22T22:24:41+00:00,1.10195907,1.10195911,1.10141411,1.10151829
2026-09-22T22:25:41+00:00,1.10151829,1.10179444,1.10125431,1.10129799
2026-09-22T22:26:41+00:00,1.10129799,1.10136432,1.10023979,1.10041695
2026-09-22T22:27:41+00:00,1.10041695,1.10049193,1.09947017,1.09953662
2026-09-22T22:28:41+00:00,1.09953662,1.09970955,1.09853903,1.09865699
2026-09-22T22:29:41+00:00,1.09865699,1.09898118,1.09855830,1.09887672
2026-09-22T22:30:41+00:00,1.09887672,1.09995309,1.09871643,1.09975582
2026-09-22T22:31:41+00:00,1.09975582,1.10012983,1.09971724,1.09997577
2026-09-22T22:32:41+00:00,1.09997577,1.10044181,1.09894084,1.09909579
2026-09-22T22:33:41+00:00,1.09909579,1.09931089,1.09860443,1.09887597
2026-09-22T22:34:41+00:00,1.09887597,1.09928804,1.09788943,1.09799687
2026-09-22T22:35:41+00:00,1.09799687,1.09848938,1.09790357,1.09843607
2026-09-22T22:36:41+00:00,1.09843607,1.09850300,1.09731039,1.09755732
2026-09-22T22:37:41+00:00,1.09755732,1.09778359,1.09662017,1.09667927
2026-09-22T22:38:41+00:00,1.09667927,1.09792603,1.09651910,1.09755661
2026-09-22T22:39:41+00:00,1.09755661,1.09796508,1.09645230,1.09667856
2026-09-22T22:40:41+00:00,1.09667856,1.09772665,1.09662430,1.09755590
2026-09-22T22:41:41+00:00,1.09755590,1.09798386,1.09705644,1.09777541
2026-09-22T22:42:41+00:00,1.09777541,1.09778000,1.09733389,1.09733630
2026-09-22T22:43:41+00:00,1.09733630,1.09740305,1.09637170,1.09645843
2026-09-22T22:44:41+00:00,1.09645843,1.09648140,1.09545619,1.09558126
2026-09-22T22:45:41+00:00,1.09558126,1.09569748,1.09489515,1.09514303
2026-09-22T22:46:41+00:00,1.09514303,1.09591609,1.09507369,1.09558109
2026-09-22T22:47:41+00:00,1.09558109,1.09597796,1.09498070,1.09580021
2026-09-22T22:48:41+00:00,1.09580021,1.09675742,1.09544808,1.09667685
2026-09-22T22:49:41+00:00,1.09667685,1.09766266,1.09666449,1.09755419
2026-09-22T22:50:41+00:00,1.09755419,1.09772047,1.09703543,1.09711517
2026-09-22T22:51:41+00:00,1.09711517,1.09726038,1.09642179,1.09667632
2026-09-22T22:52:41+00:00,1.09667632,1.09715988,1.09655527,1.09711499
2026-09-22T22:53:41+00:00,1.09711499,1.09719100,1.09610769,1.09623730
2026-09-22T22:54:41+00:00,1.09623730,1.09650098,1.09600799,1.09601805
2026-09-22T22:55:41+00:00,1.09601805,1.09650197,1.09594518,1.09645646
2026-09-22T22:56:41+00:00,1.09645646,1.09668320,1.09585553,1.09601788
2026-09-22T22:57:41+00:00,1.09601788,1.09616874,1.09553029,1.09557947
2026-09-22T22:58:41+00:00,1.09557947,1.09613773,1.09543544,1.09579859
2026-09-22T22:59:41+00:00,1.09579859,1.09608853,1.09535836,1.09601775
2026-09-22T23:00:41+00:00,1.09601775,1.09727365,1.09578033,1.09689456
2026-09-22T23:01:41+00:00,1.09689456,1.09764936,1.09685878,1.09733332
2026-09-22T23:02:41+00:00,1.09733332,1.09770379,1.09715138,1.09755279
2026-09-22T23:03:41+00:00,1.09755279,1.09792224,1.09723915,1.09777230
2026-09-22T23:04:41+00:00,1.09777230,1.09877162,1.09763300,1.09865052
2026-09-22T23:05:41+00:00,1.09865052,1.09871663,1.09769244,1.09777160
2026-09-22T23:06:41+00:00,1.09777160,1.09817404,1.09686622,1.09689338
2026-09-22T23:07:41+00:00,1.09689338,1.09715466,1.09651055,1.09667400
2026-09-22T23:08:41+00:00,1.09667400,1.09700114,1.09630192,1.09689333
2026-09-22T23:09:41+00:00,1.09689333,1.09720863,1.09679926,1.09711271
2026-09-22T23:10:41+00:00,1.09711271,1.09716049,1.09653381,1.09667386
2026-09-22T23:11:41+00:00,1.09667386,1.09689747,1.09621406,1.09623519
2026-09-22T23:12:41+00:00,1.09623519,1.09661676,1.09623446,1.09645444
2026-09-22T23:13:41+00:00,1.09645444,1.09668738,1.09643037,1.09667373
2026-09-22T23:14:41+00:00,1.09667373,1.09696595,1.09636960,1.09645440
2026-09-22T23:15:41+00:00,1.09645440,1.09648770,1.09593325,1.09601582
2026-09-22T23:16:41+00:00,1.09601582,1.09633569,1.09593863,1.09623502
2026-09-22T23:17:41+00:00,1.09623502,1.09625493,1.09593367,1.09601577
2026-09-22T23:18:41+00:00,1.09601577,1.09694708,1.09592223,1.09689258
2026-09-22T23:19:41+00:00,1.09689258,1.09726139,1.09657106,1.09711196
2026-09-22T23:20:41+00:00,1.09711196,1.09736386,1.09692478,1.09733138
2026-09-22T23:21:41+00:00,1.09733138,1.09734770,1.09707382,1.09711191
2026-09-22T23:22:41+00:00,1.09711191,1.09742816,1.09690036,1.09733133
2026-09-22T23:23:41+00:00,1.09733133,1.09815763,1.09728256,1.09777026
2026-09-22T23:24:41+00:00,1.09777026,1.09777798,1.09723728,1.09733115
2026-09-22T23:25:41+00:00,1.09733115,1.09733989,1.09606112,1.09645329
2026-09-22T23:26:41+00:00,1.09645329,1.09662903,1.09614249,1.09623400
2026-09-22T23:27:41+00:00,1.09623400,1.09641572,1.09562927,1.09579551
2026-09-22T23:28:41+00:00,1.09579551,1.09582805,1.09520477,1.09557635
2026-09-22T23:29:41+00:00,1.09557635,1.09571843,1.09485721,1.09513812
2026-09-22T23:30:41+00:00,1.09513812,1.09525035,1.09462180,1.09491909
2026-09-22T23:31:41+00:00,1.09491909,1.09582630,1.09458899,1.09579503
2026-09-22T23:32:41+00:00,1.09579503,1.09649218,1.09552199,1.09623335
2026-09-22T23:33:41+00:00,1.09623335,1.09670190,1.09585912,1.09667184
2026-09-22T23:34:41+00:00,1.09667184,1.09686032,1.09598432,1.09623317
2026-09-22T23:35:41+00:00,1.09623317,1.09684892,1.09590844,1.09667166
2026-09-22T23:36:41+00:00,1.09667166,1.09701343,1.09628409,1.09689099
2026-09-22T23:37:41+00:00,1.09689099,1.09720101,1.09679450,1.09711037
2026-09-22T23:38:41+00:00,1.09711037,1.09807204,1.09686366,1.09798806
2026-09-22T23:39:41+00:00,1.09798806,1.09858039,1.09781089,1.09820766
2026-09-22T23:40:41+00:00,1.09820766,1.09862191,1.09818801,1.09842730
2026-09-22T23:41:41+00:00,1.09842730,1.09902330,1.09835597,1.09864699
2026-09-22T23:42:41+00:00,1.09864699,1.09940333,1.09827590,1.09908645
2026-09-22T23:43:41+00:00,1.09908645,1.09923052,1.09806278,1.09820718
2026-09-22T23:44:41+00:00,1.09820718,1.09853994,1.09800662,1.09842682
2026-09-22T23:45:41+00:00,1.09842682,1.09895406,1.09818526,1.09886619
2026-09-22T23:46:41+00:00,1.09886619,1.09914443,1.09846738,1.09908596
2026-09-22T23:47:41+00:00,1.09908596,1.09966028,1.09900276,1.09952559
2026-09-22T23:48:41+00:00,1.09952559,1.09990814,1.09824647,1.09864597
2026-09-22T23:49:41+00:00,1.09864597,1.09897961,1.09818235,1.09820651
2026-09-22T23:50:41+00:00,1.09820651,1.09869169,1.09794721,1.09864579
2026-09-22T23:51:41+00:00,1.09864579,1.09909820,1.09861353,1.09908525
2026-09-22T23:52:41+00:00,1.09908525,1.09916028,1.09813531,1.09820598
2026-09-22T23:53:41+00:00,1.09820598,1.09885200,1.09799377,1.09864526
2026-09-22T23:54:41+00:00,1.09864526,1.09960846,1.09853047,1.09952418
2026-09-22T23:55:41+00:00,1.09952418,1.09954230,1.09855231,1.09864456
2026-09-22T23:56:41+00:00,1.09864456,1.09867429,1.09776193,1.09776564
2026-09-22T23:57:41+00:00,1.09776564,1.09914696,1.09732059,1.09864385
2026-09-22T23:58:41+00:00,1.09864385,1.09865953,1.09837301,1.09842412
2026-09-22T23:59:41+00:00,1.09842412,1.09904295,1.09841814,1.09886349
2026-09-23T00:00:41+00:00,1.09886349,1.09922323,1.09860021,1.09864372
2026-09-23T00:01:41+00:00,1.09864372,1.09893248,1.09832798,1.09886345
2026-09-23T00:02:41+00:00,1.09886345,1.09912218,1.09820684,1.09842390
2026-09-23T00:03:41+00:00,1.09842390,1.09945734,1.09836292,1.09930264
2026-09-23T00:04:41+00:00,1.09930264,1.09958618,1.09900360,1.09952250
2026-09-23T00:05:41+00:00,1.09952250,1.09965772,1.09926281,1.09930260
2026-09-23T00:06:41+00:00,1.09930260,1.10043797,1.09907131,1.10018204
2026-09-23T00:07:41+00:00,1.10018204,1.10065753,1.10000340,1.10062211
2026-09-23T00:08:41+00:00,1.10062211,1.10068280,1.09960921,1.09974161
2026-09-23T00:09:41+00:00,1.09974161,1.10024837,1.09953171,1.10018151
2026-09-23T00:10:41+00:00,1.10018151,1.10138615,1.10015981,1.10106166
2026-09-23T00:11:41+00:00,1.10106166,1.10138740,1.10104210,1.10128187
2026-09-23T00:12:41+00:00,1.10128187,1.10191117,1.10090533,1.10172238
2026-09-23T00:13:41+00:00,1.10172238,1.10189199,1.10088993,1.10128169
2026-09-23T00:14:41+00:00,1.10128169,1.10140808,1.10088465,1.10106143
2026-09-23T00:15:41+00:00,1.10106143,1.10109788,1.10069936,1.10084122
2026-09-23T00:16:41+00:00,1.10084122,1.10090685,1.09971235,1.09996055
2026-09-23T00:17:41+00:00,1.09996055,1.10008739,1.09879547,1.09908058
2026-09-23T00:18:41+00:00,1.09908058,1.10041887,1.09880711,1.09995984
2026-09-23T00:19:41+00:00,1.09995984,1.10055669,1.09928912,1.09951986
2026-09-23T00:20:41+00:00,1.09951986,1.10010192,1.09908156,1.09995967
2026-09-23T00:21:41+00:00,1.09995967,1.10108257,1.09973238,1.10083964
2026-09-23T00:22:41+00:00,1.10083964,1.10118482,1.10003230,1.10039930
2026-09-23T00:23:41+00:00,1.10039930,1.10141236,1.10038430,1.10127962
2026-09-23T00:24:41+00:00,1.10127962,1.10178673,1.10088026,1.10149988
2026-09-23T00:25:41+00:00,1.10149988,1.10150275,1.10089709,1.10127958
2026-09-23T00:26:41+00:00,1.10127958,1.10177892,1.10117213,1.10172009
2026-09-23T00:27:41+00:00,1.10172009,1.10197367,1.10086698,1.10127940
2026-09-23T00:28:41+00:00,1.10127940,1.10256792,1.10107652,1.10216042
2026-09-23T00:29:41+00:00,1.10216042,1.10278237,1.10177995,1.10260128
2026-09-23T00:30:41+00:00,1.10260128,1.10285718,1.10245657,1.10282180
2026-09-23T00:31:41+00:00,1.10282180,1.10335024,1.10263070,1.10304236
2026-09-23T00:32:41+00:00,1.10304236,1.10310225,1.10171015,1.10215993
2026-09-23T00:33:41+00:00,1.10215993,1.10229510,1.10124779,1.10127820
2026-09-23T00:34:41+00:00,1.10127820,1.10167480,1.10122471,1.10149846
2026-09-23T00:35:41+00:00,1.10149846,1.10190594,1.10126038,1.10171876
2026-09-23T00:36:41+00:00,1.10171876,1.10205080,1.10115151,1.10149842
2026-09-23T00:37:41+00:00,1.10149842,1.10165789,1.10106798,1.10127812
2026-09-23T00:38:41+00:00,1.10127812,1.10146232,1.10079170,1.10083761
2026-09-23T00:39:41+00:00,1.10083761,1.10087920,1.10037311,1.10039727
2026-09-23T00:40:41+00:00,1.10039727,1.10046841,1.09918765,1.09951695
2026-09-23T00:41:41+00:00,1.09951695,1.10058119,1.09901967,1.10039656
2026-09-23T00:42:41+00:00,1.10039656,1.10048142,1.09946226,1.09951624
2026-09-23T00:43:41+00:00,1.09951624,1.09952101,1.09853908,1.09863663
2026-09-23T00:44:41+00:00,1.09863663,1.09877273,1.09770525,1.09775772
2026-09-23T00:45:41+00:00,1.09775772,1.09818708,1.09774854,1.09797727
2026-09-23T00:46:41+00:00,1.09797727,1.09845393,1.09790240,1.09841646
2026-09-23T00:47:41+00:00,1.09841646,1.09880105,1.09759952,1.09797709
2026-09-23T00:48:41+00:00,1.09797709,1.09814611,1.09698861,1.09709871
2026-09-23T00:49:41+00:00,1.09709871,1.09718793,1.09639445,1.09665987
2026-09-23T00:50:41+00:00,1.09665987,1.09670487,1.09550553,1.09578254
2026-09-23T00:51:41+00:00,1.09578254,1.09581824,1.09551424,1.09556338
2026-09-23T00:52:41+00:00,1.09556338,1.09584260,1.09454825,1.09468693
2026-09-23T00:53:41+00:00,1.09468693,1.09503135,1.09465032,1.09490587
2026-09-23T00:54:41+00:00,1.09490587,1.09519528,1.09482612,1.09512485
2026-09-23T00:55:41+00:00,1.09512485,1.09615600,1.09499090,1.09600095
2026-09-23T00:56:41+00:00,1.09600095,1.09664946,1.09583643,1.09643935
2026-09-23T00:57:41+00:00,1.09643935,1.09683221,1.09635132,1.09665864
2026-09-23T00:58:41+00:00,1.09665864,1.09719488,1.09665320,1.09709730
2026-09-23T00:59:41+00:00,1.09709730,1.09714051,1.09638573,1.09665846
2026-09-23T01:00:41+00:00,1.09665846,1.09668090,1.09559016,1.09578113
2026-09-23T01:01:41+00:00,1.09578113,1.09588837,1.09474782,1.09490451
2026-09-23T01:02:41+00:00,1.09490451,1.09524793,1.09456338,1.09468553
2026-09-23T01:03:41+00:00,1.09468553,1.09560281,1.09441359,1.09556128
2026-09-23T01:04:41+00:00,1.09556128,1.09605800,1.09552187,1.09599950
2026-09-23T01:05:41+00:00,1.09599950,1.09640311,1.09592545,1.09621870
2026-09-23T01:06:41+00:00,1.09621870,1.09621872,1.09574955,1.09578021
2026-09-23T01:07:41+00:00,1.09578021,1.09669037,1.09576497,1.09621852
2026-09-23T01:08:41+00:00,1.09621852,1.09719064,1.09563446,1.09709549
2026-09-23T01:09:41+00:00,1.09709549,1.09811690,1.09690267,1.09797317
2026-09-23T01:10:41+00:00,1.09797317,1.09901151,1.09793552,1.09885155
2026-09-23T01:11:41+00:00,1.09885155,1.09914771,1.09836868,1.09863178
2026-09-23T01:12:41+00:00,1.09863178,1.09869227,1.09802654,1.09841205
2026-09-23T01:13:41+00:00,1.09841205,1.09852723,1.09809073,1.09819237
2026-09-23T01:14:41+00:00,1.09819237,1.09914116,1.09794419,1.09907092
2026-09-23T01:15:41+00:00,1.09907092,1.09923167,1.09843936,1.09863129
2026-09-23T01:16:41+00:00,1.09863129,1.09884107,1.09805114,1.09819184
2026-09-23T01:17:41+00:00,1.09819184,1.09834740,1.09774831,1.09775256
2026-09-23T01:18:41+00:00,1.09775256,1.09854704,1.09746251,1.09819166
2026-09-23T01:19:41+00:00,1.09819166,1.09882729,1.09808427,1.09863094
2026-09-23T01:20:41+00:00,1.09863094,1.09865412,1.09817954,1.09819149
2026-09-23T01:21:41+00:00,1.09819149,1.09873944,1.09790880,1.09841113
2026-09-23T01:22:41+00:00,1.09841113,1.09859344,1.09790086,1.09797177
2026-09-23T01:23:41+00:00,1.09797177,1.09851111,1.09790533,1.09841096
2026-09-23T01:24:41+00:00,1.09841096,1.09853642,1.09757539,1.09797160
2026-09-23T01:25:41+00:00,1.09797160,1.09797243,1.09680214,1.09709322
2026-09-23T01:26:41+00:00,1.09709322,1.09717294,1.09637226,1.09665438
2026-09-23T01:27:41+00:00,1.09665438,1.09666965,1.09632187,1.09643505
2026-09-23T01:28:41+00:00,1.09643505,1.09708658,1.09627959,1.09687362
2026-09-23T01:29:41+00:00,1.09687362,1.09698057,1.09568079,1.09599612
2026-09-23T01:30:41+00:00,1.09599612,1.09626617,1.09549444,1.09555772
2026-09-23T01:31:41+00:00,1.09555772,1.09567390,1.09501206,1.09511950
2026-09-23T01:32:41+00:00,1.09511950,1.09635378,1.09448921,1.09599560
2026-09-23T01:33:41+00:00,1.09599560,1.09603209,1.09510365,1.09511880
2026-09-23T01:34:41+00:00,1.09511880,1.09544193,1.09473310,1.09489978
2026-09-23T01:35:41+00:00,1.09489978,1.09532550,1.09446087,1.09511876
2026-09-23T01:36:41+00:00,1.09511876,1.09514865,1.09465194,1.09468071
2026-09-23T01:37:41+00:00,1.09468071,1.09497234,1.09319982,1.09380497
2026-09-23T01:38:41+00:00,1.09380497,1.09415484,1.09331486,1.09336745
2026-09-23T01:39:41+00:00,1.09336745,1.09449977,1.09336600,1.09424214
2026-09-23T01:40:41+00:00,1.09424214,1.09489660,1.09401881,1.09467984
2026-09-23T01:41:41+00:00,1.09467984,1.09559661,1.09425118,1.09555558
2026-09-23T01:42:41+00:00,1.09555558,1.09675410,1.09544309,1.09643202
2026-09-23T01:43:41+00:00,1.09643202,1.09693194,1.09579715,1.09599345
2026-09-23T01:44:41+00:00,1.09599345,1.09618591,1.09507509,1.09511666
2026-09-23T01:45:41+00:00,1.09511666,1.09580893,1.09495718,1.09555471
2026-09-23T01:46:41+00:00,1.09555471,1.09573607,1.09514611,1.09533560
2026-09-23T01:47:41+00:00,1.09533560,1.09550638,1.09413242,1.09445933
2026-09-23T01:48:41+00:00,1.09445933,1.09536197,1.09435764,1.09533490
2026-09-23T01:49:41+00:00,1.09533490,1.09554446,1.09477339,1.09489677
2026-09-23T01:50:41+00:00,1.09489677,1.09498363,1.09445480,1.09445881
2026-09-23T01:51:41+00:00,1.09445881,1.09486879,1.09356908,1.09402103
2026-09-23T01:52:41+00:00,1.09402103,1.09410941,1.09379491,1.09380223
2026-09-23T01:53:41+00:00,1.09380223,1.09381108,1.09306548,1.09336471
2026-09-23T01:54:41+00:00,1.09336471,1.09425473,1.09328890,1.09380206
2026-09-23T01:55:41+00:00,1.09380206,1.09406378,1.09326622,1.09358330
2026-09-23T01:56:41+00:00,1.09358330,1.09384312,1.09324608,1.09336458
2026-09-23T01:57:41+00:00,1.09336458,1.09415662,1.09333546,1.09380193
2026-09-23T01:58:41+00:00,1.09380193,1.09393205,1.09333572,1.09358317
2026-09-23T01:59:41+00:00,1.09358317,1.09385131,1.09331460,1.09380189
2026-09-23T02:00:41+00:00,1.09380189,1.09444920,1.09329530,1.09336437
2026-09-23T02:01:41+00:00,1.09336437,1.09361311,1.09292812,1.09314570
2026-09-23T02:02:41+00:00,1.09314570,1.09323239,1.09291458,1.09292707
2026-09-23T02:03:41+00:00,1.09292707,1.09359247,1.09286978,1.09314566
2026-09-23T02:04:41+00:00,1.09314566,1.09337960,1.09219923,1.09227114
2026-09-23T02:05:41+00:00,1.09227114,1.09238290,1.09120965,1.09139732
2026-09-23T02:06:41+00:00,1.09139732,1.09173176,1.09056029,1.09096076
2026-09-23T02:07:41+00:00,1.09096076,1.09101981,1.09035083,1.09052438
2026-09-23T02:08:41+00:00,1.09052438,1.09077685,1.09021538,1.09030628
2026-09-23T02:09:41+00:00,1.09030628,1.09032186,1.08935916,1.08943403
2026-09-23T02:10:41+00:00,1.08943403,1.08959304,1.08909721,1.08921614
2026-09-23T02:11:41+00:00,1.08921614,1.08982665,1.08901738,1.08943398
2026-09-23T02:12:41+00:00,1.08943398,1.09042853,1.08918595,1.09030553
2026-09-23T02:13:41+00:00,1.09030553,1.09135243,1.09022748,1.09117777
2026-09-23T02:14:41+00:00,1.09117777,1.09196798,1.09111184,1.09161424
2026-09-23T02:15:41+00:00,1.09161424,1.09261057,1.09154844,1.09248753
2026-09-23T02:16:41+00:00,1.09248753,1.09280342,1.09166017,1.09205053
2026-09-23T02:17:41+00:00,1.09205053,1.09229330,1.09184439,1.09226894
2026-09-23T02:18:41+00:00,1.09226894,1.09326000,1.09209999,1.09314276
2026-09-23T02:19:41+00:00,1.09314276,1.09337387,1.09263195,1.09336139
2026-09-23T02:20:41+00:00,1.09336139,1.09375197,1.09335233,1.09358006
2026-09-23T02:21:41+00:00,1.09358006,1.09454790,1.09357394,1.09445492
2026-09-23T02:22:41+00:00,1.09445492,1.09445938,1.09422441,1.09423603
2026-09-23T02:23:41+00:00,1.09423603,1.09465896,1.09412688,1.09445488
2026-09-23T02:24:41+00:00,1.09445488,1.09454248,1.09384082,1.09401710
2026-09-23T02:25:41+00:00,1.09401710,1.09406924,1.09304937,1.09314189
2026-09-23T02:26:41+00:00,1.09314189,1.09320621,1.09213111,1.09226738
2026-09-23T02:27:41+00:00,1.09226738,1.09343608,1.09217894,1.09314119
2026-09-23T02:28:41+00:00,1.09314119,1.09319425,1.09284924,1.09292256
2026-09-23T02:29:41+00:00,1.09292256,1.09296611,1.09196582,1.09204822
2026-09-23T02:30:41+00:00,1.09204822,1.09248806,1.09201141,1.09248504
2026-09-23T02:31:41+00:00,1.09248504,1.09257606,1.09156721,1.09161105
2026-09-23T02:32:41+00:00,1.09161105,1.09188072,1.09089879,1.09117441
2026-09-23T02:33:41+00:00,1.09117441,1.09192322,1.09107727,1.09161088
2026-09-23T02:34:41+00:00,1.09161088,1.09194816,1.09157111,1.09182920
2026-09-23T02:35:41+00:00,1.09182920,1.09285026,1.09149019,1.09270266
2026-09-23T02:36:41+00:00,1.09270266,1.09350319,1.09240732,1.09292120
2026-09-23T02:37:41+00:00,1.09292120,1.09308035,1.09266254,1.09270262
2026-09-23T02:38:41+00:00,1.09270262,1.09308794,1.09267597,1.09292116
2026-09-23T02:39:41+00:00,1.09292116,1.09396402,1.09290040,1.09379550
2026-09-23T02:40:41+00:00,1.09379550,1.09392002,1.09349467,1.09357674
2026-09-23T02:41:41+00:00,1.09357674,1.09365677,1.09231790,1.09270188
2026-09-23T02:42:41+00:00,1.09270188,1.09282367,1.09228349,1.09248334
2026-09-23T02:43:41+00:00,1.09248334,1.09272347,1.09240979,1.09270184
2026-09-23T02:44:41+00:00,1.09270184,1.09286473,1.09215255,1.09226476
2026-09-23T02:45:41+00:00,1.09226476,1.09239033,1.09136224,1.09139095
2026-09-23T02:46:41+00:00,1.09139095,1.09162135,1.09082947,1.09160923
2026-09-23T02:47:41+00:00,1.09160923,1.09260538,1.09150186,1.09248252
2026-09-23T02:48:41+00:00,1.09248252,1.09267289,1.09140575,1.09160853
2026-09-23T02:49:41+00:00,1.09160853,1.09274573,1.09160777,1.09248182
2026-09-23T02:50:41+00:00,1.09248182,1.09357275,1.09233525,1.09335581
2026-09-23T02:51:41+00:00,1.09335581,1.09373678,1.09327769,1.09357448
2026-09-23T02:52:41+00:00,1.09357448,1.09358839,1.09268566,1.09269962
2026-09-23T02:53:41+00:00,1.09269962,1.09333133,1.09236519,1.09291816
2026-09-23T02:54:41+00:00,1.09291816,1.09314433,1.09252600,1.09313674
2026-09-23T02:55:41+00:00,1.09313674,1.09314478,1.09275794,1.09291811
2026-09-23T02:56:41+00:00,1.09291811,1.09313175,1.09183376,1.09204378
2026-09-23T02:57:41+00:00,1.09204378,1.09212915,1.09147631,1.09160696
2026-09-23T02:58:41+00:00,1.09160696,1.09192681,1.09133106,1.09182528
2026-09-23T02:59:41+00:00,1.09182528,1.09270730,1.09172539,1.09226201
2026-09-23T03:00:41+00:00,1.09226201,1.09245387,1.09195778,1.09204356
2026-09-23T03:01:41+00:00,1.09204356,1.09221347,1.09154829,1.09182515
2026-09-23T03:02:41+00:00,1.09182515,1.09207210,1.09087933,1.09095169
2026-09-23T03:03:41+00:00,1.09095169,1.09118688,1.09044464,1.09051531
2026-09-23T03:04:41+00:00,1.09051531,1.09141466,1.09036880,1.09138772
2026-09-23T03:05:41+00:00,1.09138772,1.09143561,1.09041136,1.09051461
2026-09-23T03:06:41+00:00,1.09051461,1.09056274,1.08958269,1.09007840
2026-09-23T03:07:41+00:00,1.09007840,1.09018143,1.08911172,1.08920634
2026-09-23T03:08:41+00:00,1.08920634,1.08930150,1.08851868,1.08877066
2026-09-23T03:09:41+00:00,1.08877066,1.08888594,1.08787263,1.08789964
2026-09-23T03:10:41+00:00,1.08789964,1.08891078,1.08786779,1.08876996
2026-09-23T03:11:41+00:00,1.08876996,1.08952718,1.08874388,1.08920547
2026-09-23T03:12:41+00:00,1.08920547,1.08926018,1.08878835,1.08898763
2026-09-23T03:13:41+00:00,1.08898763,1.08939302,1.08809373,1.08811644
2026-09-23T03:14:41+00:00,1.08811644,1.08859581,1.08774749,1.08855169
2026-09-23T03:15:41+00:00,1.08855169,1.08927550,1.08845412,1.08898711
2026-09-23T03:16:41+00:00,1.08898711,1.08911281,1.08852755,1.08855152
2026-09-23T03:17:41+00:00,1.08855152,1.08885145,1.08717836,1.08768068
2026-09-23T03:18:41+00:00,1.08768068,1.08828230,1.08717788,1.08789822
2026-09-23T03:19:41+00:00,1.08789822,1.08790405,1.08712163,1.08746306
2026-09-23T03:20:41+00:00,1.08746306,1.08799982,1.08636802,1.08659309
2026-09-23T03:21:41+00:00,1.08659309,1.08759872,1.08638080,1.08746236
2026-09-23T03:22:41+00:00,1.08746236,1.08858792,1.08736359,1.08833233
2026-09-23T03:23:41+00:00,1.08833233,1.08850865,1.08810043,1.08811466
2026-09-23T03:24:41+00:00,1.08811466,1.08827550,1.08716434,1.08724417
2026-09-23T03:25:41+00:00,1.08724417,1.08731371,1.08662556,1.08680927
2026-09-23T03:26:41+00:00,1.08680927,1.08711998,1.08676171,1.08702663
2026-09-23T03:27:41+00:00,1.08702663,1.08718307,1.08585289,1.08615701
2026-09-23T03:28:41+00:00,1.08615701,1.08626549,1.08589459,1.08593978
2026-09-23T03:29:41+00:00,1.08593978,1.08637866,1.08526729,1.08572259
2026-09-23T03:30:41+00:00,1.08572259,1.08588019,1.08483815,1.08485401
2026-09-23T03:31:41+00:00,1.08485401,1.08494204,1.08395740,1.08398613
2026-09-23T03:32:41+00:00,1.08398613,1.08423213,1.08394346,1.08420293
2026-09-23T03:33:41+00:00,1.08420293,1.08421061,1.08395312,1.08398609
2026-09-23T03:34:41+00:00,1.08398609,1.08505709,1.08386125,1.08485328
2026-09-23T03:35:41+00:00,1.08485328,1.08503134,1.08388324,1.08398540
2026-09-23T03:36:41+00:00,1.08398540,1.08426940,1.08383082,1.08420220
2026-09-23T03:37:41+00:00,1.08420220,1.08514401,1.08406278,1.08506956
2026-09-23T03:38:41+00:00,1.08506956,1.08521597,1.08419284,1.08420150
2026-09-23T03:39:41+00:00,1.08420150,1.08444017,1.08324609,1.08333414
2026-09-23T03:40:41+00:00,1.08333414,1.08361053,1.08265577,1.08290081
2026-09-23T03:41:41+00:00,1.08290081,1.08302845,1.08185174,1.08203449
2026-09-23T03:42:41+00:00,1.08203449,1.08300344,1.08185873,1.08290012
2026-09-23T03:43:41+00:00,1.08290012,1.08343573,1.08276413,1.08333328
2026-09-23T03:44:41+00:00,1.08333328,1.08368573,1.08258696,1.08289995
2026-09-23T03:45:41+00:00,1.08289995,1.08336107,1.08286666,1.08333311
2026-09-23T03:46:41+00:00,1.08333311,1.08431676,1.08333285,1.08419978
2026-09-23T03:47:41+00:00,1.08419978,1.08458246,1.08419013,1.08441662
2026-09-23T03:48:41+00:00,1.08441662,1.08468804,1.08439902,1.08463350
2026-09-23T03:49:41+00:00,1.08463350,1.08476172,1.08395587,1.08419965
2026-09-23T03:50:41+00:00,1.08419965,1.08427204,1.08321254,1.08333229
2026-09-23T03:51:41+00:00,1.08333229,1.08347952,1.08287574,1.08289896
2026-09-23T03:52:41+00:00,1.08289896,1.08389020,1.08283737,1.08376528
2026-09-23T03:53:41+00:00,1.08376528,1.08406469,1.08353409,1.08354853
2026-09-23T03:54:41+00:00,1.08354853,1.08391622,1.08240840,1.08268169
2026-09-23T03:55:41+00:00,1.08268169,1.08289043,1.08210565,1.08224862
2026-09-23T03:56:41+00:00,1.08224862,1.08273086,1.08206110,1.08268152
2026-09-23T03:57:41+00:00,1.08268152,1.08271353,1.08242965,1.08246498
2026-09-23T03:58:41+00:00,1.08246498,1.08255854,1.08174833,1.08203199
2026-09-23T03:59:41+00:00,1.08203199,1.08323708,1.08194891,1.08289762
2026-09-23T04:00:41+00:00,1.08289762,1.08302644,1.08170081,1.08203130
2026-09-23T04:01:41+00:00,1.08203130,1.08216794,1.08158036,1.08159849
2026-09-23T04:02:41+00:00,1.08159849,1.08174228,1.08049328,1.08073321
2026-09-23T04:03:41+00:00,1.08073321,1.08131920,1.08054285,1.08116550
2026-09-23T04:04:41+00:00,1.08116550,1.08124143,1.08071275,1.08073303
2026-09-23T04:05:41+00:00,1.08073303,1.08087604,1.07952880,1.07986844
2026-09-23T04:06:41+00:00,1.07986844,1.08044139,1.07963627,1.08030039
2026-09-23T04:07:41+00:00,1.08030039,1.08063610,1.08000888,1.08051645
2026-09-23T04:08:41+00:00,1.08051645,1.08142511,1.08038362,1.08138086
2026-09-23T04:09:41+00:00,1.08138086,1.08154391,1.08084442,1.08094831
2026-09-23T04:10:41+00:00,1.08094831,1.08215441,1.08071183,1.08181307
2026-09-23T04:11:41+00:00,1.08181307,1.08189959,1.08085711,1.08094762
2026-09-23T04:12:41+00:00,1.08094762,1.08110250,1.08054995,1.08073143
2026-09-23T04:13:41+00:00,1.08073143,1.08124441,1.08035834,1.08116372
2026-09-23T04:14:41+00:00,1.08116372,1.08134240,1.08070170,1.08073125
2026-09-23T04:15:41+00:00,1.08073125,1.08093853,1.08047740,1.08051510
2026-09-23T04:16:41+00:00,1.08051510,1.08120279,1.08043276,1.08094731
2026-09-23T04:17:41+00:00,1.08094731,1.08131637,1.08074164,1.08116350
2026-09-23T04:18:41+00:00,1.08116350,1.08208583,1.08110489,1.08202843
2026-09-23T04:19:41+00:00,1.08202843,1.08302639,1.08194841,1.08289405
2026-09-23T04:20:41+00:00,1.08289405,1.08299360,1.08185167,1.08202773
2026-09-23T04:21:41+00:00,1.08202773,1.08312286,1.08188246,1.08289335
2026-09-23T04:22:41+00:00,1.08289335,1.08370785,1.08187074,1.08202704
2026-09-23T04:23:41+00:00,1.08202704,1.08230510,1.08093743,1.08116142
2026-09-23T04:24:41+00:00,1.08116142,1.08170892,1.08106352,1.08159388
2026-09-23T04:25:41+00:00,1.08159388,1.08181404,1.08114443,1.08116124
2026-09-23T04:26:41+00:00,1.08116124,1.08203984,1.08100043,1.08202617
2026-09-23T04:27:41+00:00,1.08202617,1.08300457,1.08201058,1.08289179
2026-09-23T04:28:41+00:00,1.08289179,1.08395985,1.08273386,1.08375810
2026-09-23T04:29:41+00:00,1.08375810,1.08394385,1.08282591,1.08289109
2026-09-23T04:30:41+00:00,1.08289109,1.08327448,1.08264367,1.08267451
2026-09-23T04:31:41+00:00,1.08267451,1.08354429,1.08237053,1.08354065
2026-09-23T04:32:41+00:00,1.08354065,1.08406465,1.08340286,1.08397407
2026-09-23T04:33:41+00:00,1.08397407,1.08509451,1.08394137,1.08484125
2026-09-23T04:34:41+00:00,1.08484125,1.08537440,1.08457252,1.08505822
2026-09-23T04:35:41+00:00,1.08505822,1.08555457,1.08503001,1.08549224
2026-09-23T04:36:41+00:00,1.08549224,1.08589264,1.08475841,1.08527514
2026-09-23T04:37:41+00:00,1.08527514,1.08628209,1.08511862,1.08614336
2026-09-23T04:38:41+00:00,1.08614336,1.08641730,1.08586576,1.08592613
2026-09-23T04:39:41+00:00,1.08592613,1.08699655,1.08560330,1.08679487
2026-09-23T04:40:41+00:00,1.08679487,1.08782474,1.08658830,1.08766431
2026-09-23T04:41:41+00:00,1.08766431,1.08771934,1.08660779,1.08679418
2026-09-23T04:42:41+00:00,1.08679418,1.08779188,1.08645645,1.08766362
2026-09-23T04:43:41+00:00,1.08766362,1.08784942,1.08737311,1.08744609
2026-09-23T04:44:41+00:00,1.08744609,1.08779561,1.08677132,1.08722860
2026-09-23T04:45:41+00:00,1.08722860,1.08729906,1.08630911,1.08635882
2026-09-23T04:46:41+00:00,1.08635882,1.08697229,1.08632321,1.08679336
2026-09-23T04:47:41+00:00,1.08679336,1.08707850,1.08621600,1.08635864
2026-09-23T04:48:41+00:00,1.08635864,1.08643159,1.08589934,1.08614137
2026-09-23T04:49:41+00:00,1.08614137,1.08620651,1.08500175,1.08527246
2026-09-23T04:50:41+00:00,1.08527246,1.08566953,1.08494674,1.08548951
2026-09-23T04:51:41+00:00,1.08548951,1.08565758,1.08504352,1.08505531
2026-09-23T04:52:41+00:00,1.08505531,1.08519793,1.08444799,1.08462129
2026-09-23T04:53:41+00:00,1.08462129,1.08554198,1.08459864,1.08548899
2026-09-23T04:54:41+00:00,1.08548899,1.08552689,1.08523285,1.08527189
2026-09-23T04:55:41+00:00,1.08527189,1.08559510,1.08478775,1.08483778
2026-09-23T04:56:41+00:00,1.08483778,1.08522606,1.08363868,1.08396991
2026-09-23T04:57:41+00:00,1.08396991,1.08459470,1.08382391,1.08440350
2026-09-23T04:58:41+00:00,1.08440350,1.08550811,1.08412845,1.08527102
2026-09-23T04:59:41+00:00,1.08527102,1.08561513,1.08492397,1.08548807
2026-09-23T05:00:41+00:00,1.08548807,1.08587907,1.08504910,1.08505387
2026-09-23T05:01:41+00:00,1.08505387,1.08531338,1.08493840,1.08527088
2026-09-23T05:02:41+00:00,1.08527088,1.08625859,1.08516645,1.08613910
2026-09-23T05:03:41+00:00,1.08613910,1.08653070,1.08610921,1.08635633
2026-09-23T05:04:41+00:00,1.08635633,1.08659528,1.08592679,1.08613906
2026-09-23T05:05:41+00:00,1.08613906,1.08624505,1.08562175,1.08570460
2026-09-23T05:06:41+00:00,1.08570460,1.08668663,1.08557415,1.08657316
2026-09-23T05:07:41+00:00,1.08657316,1.08715149,1.08656272,1.08700779
2026-09-23T05:08:41+00:00,1.08700779,1.08731705,1.08672354,1.08679039
2026-09-23T05:09:41+00:00,1.08679039,1.08746134,1.08673119,1.08722511
2026-09-23T05:10:41+00:00,1.08722511,1.08834840,1.08694689,1.08809489
2026-09-23T05:11:41+00:00,1.08809489,1.08899167,1.08796895,1.08896537
2026-09-23T05:12:41+00:00,1.08896537,1.08927731,1.08864168,1.08874758
2026-09-23T05:13:41+00:00,1.08874758,1.08898415,1.08846395,1.08852983
2026-09-23T05:14:41+00:00,1.08852983,1.08965629,1.08841556,1.08940065
2026-09-23T05:15:41+00:00,1.08940065,1.08989075,1.08932362,1.08961853
2026-09-23T05:16:41+00:00,1.08961853,1.08980656,1.08853282,1.08918268
2026-09-23T05:17:41+00:00,1.08918268,1.08949704,1.08895940,1.08940052
2026-09-23T05:18:41+00:00,1.08940052,1.08966061,1.08844678,1.08852900
2026-09-23T05:19:41+00:00,1.08852900,1.08859549,1.08804221,1.08831129
2026-09-23T05:20:41+00:00,1.08831129,1.08833928,1.08718753,1.08744064
2026-09-23T05:21:41+00:00,1.08744064,1.08751490,1.08691664,1.08700566
2026-09-23T05:22:41+00:00,1.08700566,1.08741100,1.08674767,1.08722306
2026-09-23T05:23:41+00:00,1.08722306,1.08773299,1.08700518,1.08765795
2026-09-23T05:24:41+00:00,1.08765795,1.08804474,1.08756939,1.08787548
2026-09-23T05:25:41+00:00,1.08787548,1.08798233,1.08681614,1.08700518
2026-09-23T05:26:41+00:00,1.08700518,1.08713202,1.08662528,1.08678778
2026-09-23T05:27:41+00:00,1.08678778,1.08771969,1.08659210,1.08765721
2026-09-23T05:28:41+00:00,1.08765721,1.08813800,1.08751665,1.08809227
2026-09-23T05:29:41+00:00,1.08809227,1.08817687,1.08761094,1.08787465
2026-09-23T05:30:41+00:00,1.08787465,1.08888082,1.08772472,1.08874495
2026-09-23T05:31:41+00:00,1.08874495,1.08879307,1.08804033,1.08830945
2026-09-23T05:32:41+00:00,1.08830945,1.08877364,1.08801608,1.08874477
2026-09-23T05:33:41+00:00,1.08874477,1.08930210,1.08859254,1.08918027
2026-09-23T05:34:41+00:00,1.08918027,1.09015659,1.08876129,1.09005161
2026-09-23T05:35:41+00:00,1.09005161,1.09077503,1.08995562,1.09026962
2026-09-23T05:36:41+00:00,1.09026962,1.09123865,1.09017210,1.09114184
2026-09-23T05:37:41+00:00,1.09114184,1.09162503,1.09092157,1.09157830
2026-09-23T05:38:41+00:00,1.09157830,1.09159580,1.09122678,1.09135998
2026-09-23T05:39:41+00:00,1.09135998,1.09141284,1.09010828,1.09048689
2026-09-23T05:40:41+00:00,1.09048689,1.09070402,1.09003157,1.09026879
2026-09-23T05:41:41+00:00,1.09026879,1.09033251,1.08938631,1.08939657
2026-09-23T05:42:41+00:00,1.08939657,1.08989527,1.08842062,1.08852505
2026-09-23T05:43:41+00:00,1.08852505,1.08879019,1.08823950,1.08830734
2026-09-23T05:44:41+00:00,1.08830734,1.08840444,1.08768993,1.08787202
2026-09-23T05:45:41+00:00,1.08787202,1.08824072,1.08741439,1.08765445
2026-09-23T05:46:41+00:00,1.08765445,1.08793375,1.08742816,1.08787198
2026-09-23T05:47:41+00:00,1.08787198,1.08850376,1.08769097,1.08830713
2026-09-23T05:48:41+00:00,1.08830713,1.08844708,1.08726110,1.08743648
2026-09-23T05:49:41+00:00,1.08743648,1.08799398,1.08739951,1.08765397
2026-09-23T05:50:41+00:00,1.08765397,1.08809685,1.08741659,1.08787150
2026-09-23T05:51:41+00:00,1.08787150,1.08844852,1.08754448,1.08830665
2026-09-23T05:52:41+00:00,1.08830665,1.08930486,1.08808074,1.08917730
2026-09-23T05:53:41+00:00,1.08917730,1.09040883,1.08877539,1.09004864
2026-09-23T05:54:41+00:00,1.09004864,1.09032723,1.08899951,1.08917660
2026-09-23T05:55:41+00:00,1.08917660,1.08940636,1.08810362,1.08830526
2026-09-23T05:56:41+00:00,1.08830526,1.08889215,1.08825053,1.08874058
2026-09-23T05:57:41+00:00,1.08874058,1.08881249,1.08825625,1.08830508
2026-09-23T05:58:41+00:00,1.08830508,1.08835550,1.08775456,1.08786976
2026-09-23T05:59:41+00:00,1.08786976,1.08848529,1.08775108,1.08830491
2026-09-23T06:00:41+00:00,1.08830491,1.08878893,1.08809036,1.08874023
2026-09-23T06:01:41+00:00,1.08874023,1.08909275,1.08823530,1.08852248
2026-09-23T06:02:41+00:00,1.08852248,1.08899388,1.08816126,1.08895789
2026-09-23T06:03:41+00:00,1.08895789,1.08956636,1.08816272,1.08852231
2026-09-23T06:04:41+00:00,1.08852231,1.08924518,1.08849943,1.08895772
2026-09-23T06:05:41+00:00,1.08895772,1.08951261,1.08881483,1.08917551
2026-09-23T06:06:41+00:00,1.08917551,1.08929811,1.08888272,1.08895767
2026-09-23T06:07:41+00:00,1.08895767,1.08930556,1.08808219,1.08808650
2026-09-23T06:08:41+00:00,1.08808650,1.08828532,1.08729644,1.08765127
2026-09-23T06:09:41+00:00,1.08765127,1.08774553,1.08672562,1.08678115
2026-09-23T06:10:41+00:00,1.08678115,1.08738181,1.08672492,1.08721586
2026-09-23T06:11:41+00:00,1.08721586,1.08776591,1.08685829,1.08743330
2026-09-23T06:12:41+00:00,1.08743330,1.08795767,1.08743253,1.08786827
2026-09-23T06:13:41+00:00,1.08786827,1.08793041,1.08739783,1.08743312
2026-09-23T06:14:41+00:00,1.08743312,1.08756199,1.08676773,1.08721563
2026-09-23T06:15:41+00:00,1.08721563,1.08737660,1.08678051,1.08699819
2026-09-23T06:16:41+00:00,1.08699819,1.08711204,1.08675809,1.08678079
2026-09-23T06:17:41+00:00,1.08678079,1.08737845,1.08674282,1.08721550
2026-09-23T06:18:41+00:00,1.08721550,1.08741867,1.08609091,1.08634573
2026-09-23T06:19:41+00:00,1.08634573,1.08730743,1.08597568,1.08721481
2026-09-23T06:20:41+00:00,1.08721481,1.08753530,1.08645987,1.08677992
2026-09-23T06:21:41+00:00,1.08677992,1.08695490,1.08599825,1.08634521
2026-09-23T06:22:41+00:00,1.08634521,1.08635515,1.08577993,1.08612794
2026-09-23T06:23:41+00:00,1.08612794,1.08641892,1.08599260,1.08634517
2026-09-23T06:24:41+00:00,1.08634517,1.08641766,1.08583092,1.08612790
2026-09-23T06:25:41+00:00,1.08612790,1.08637056,1.08506258,1.08525900
2026-09-23T06:26:41+00:00,1.08525900,1.08559857,1.08473074,1.08482490
2026-09-23T06:27:41+00:00,1.08482490,1.08509208,1.08455935,1.08504186
2026-09-23T06:28:41+00:00,1.08504186,1.08505988,1.08439628,1.08460784
2026-09-23T06:29:41+00:00,1.08460784,1.08486011,1.08459521,1.08482476
2026-09-23T06:30:41+00:00,1.08482476,1.08533678,1.08471125,1.08504172
2026-09-23T06:31:41+00:00,1.08504172,1.08561338,1.08490487,1.08547574
2026-09-23T06:32:41+00:00,1.08547574,1.08554046,1.08517428,1.08525864
2026-09-23T06:33:41+00:00,1.08525864,1.08619462,1.08517494,1.08612685
2026-09-23T06:34:41+00:00,1.08612685,1.08652323,1.08610290,1.08634408
2026-09-23T06:35:41+00:00,1.08634408,1.08647145,1.08577563,1.08590954
2026-09-23T06:36:41+00:00,1.08590954,1.08690544,1.08575927,1.08677827
2026-09-23T06:37:41+00:00,1.08677827,1.08699755,1.08640642,1.08656091
2026-09-23T06:38:41+00:00,1.08656091,1.08743591,1.08653357,1.08743016
2026-09-23T06:39:41+00:00,1.08743016,1.08750857,1.08623164,1.08656022
2026-09-23T06:40:41+00:00,1.08656022,1.08670047,1.08591348,1.08612560
2026-09-23T06:41:41+00:00,1.08612560,1.08702868,1.08602436,1.08699450
2026-09-23T06:42:41+00:00,1.08699450,1.08712431,1.08660398,1.08677710
2026-09-23T06:43:41+00:00,1.08677710,1.08699485,1.08558155,1.08590768
2026-09-23T06:44:41+00:00,1.08590768,1.08615097,1.08572545,1.08612486
2026-09-23T06:45:41+00:00,1.08612486,1.08631260,1.08572301,1.08590764
2026-09-23T06:46:41+00:00,1.08590764,1.08636039,1.08589295,1.08634200
2026-09-23T06:47:41+00:00,1.08634200,1.08647464,1.08583890,1.08590746
2026-09-23T06:48:41+00:00,1.08590746,1.08622053,1.08531850,1.08569028
2026-09-23T06:49:41+00:00,1.08569028,1.08573748,1.08542066,1.08547314
2026-09-23T06:50:41+00:00,1.08547314,1.08572609,1.08519168,1.08569023
2026-09-23T06:51:41+00:00,1.08569023,1.08599908,1.08566665,1.08590737
2026-09-23T06:52:41+00:00,1.08590737,1.08644529,1.08575555,1.08634173
2026-09-23T06:53:41+00:00,1.08634173,1.08739395,1.08623236,1.08721080
2026-09-23T06:54:41+00:00,1.08721080,1.08730808,1.08672218,1.08677592
2026-09-23T06:55:41+00:00,1.08677592,1.08678308,1.08633851,1.08655856
2026-09-23T06:56:41+00:00,1.08655856,1.08704719,1.08652052,1.08699318
2026-09-23T06:57:41+00:00,1.08699318,1.08758235,1.08697578,1.08742798
2026-09-23T06:58:41+00:00,1.08742798,1.08745016,1.08689910,1.08699301
2026-09-23T06:59:41+00:00,1.08699301,1.08707936,1.08608370,1.08612342
2026-09-23T07:00:41+00:00,1.08612342,1.08724033,1.08581679,1.08699232
2026-09-23T07:01:41+00:00,1.08699232,1.08707913,1.08656816,1.08677492
2026-09-23T07:02:41+00:00,1.08677492,1.08677911,1.08621987,1.08634021
2026-09-23T07:03:41+00:00,1.08634021,1.08674457,1.08529669,1.08547114
2026-09-23T07:04:41+00:00,1.08547114,1.08550958,1.08503138,1.08503695
2026-09-23T07:05:41+00:00,1.08503695,1.08523193,1.08419529,1.08460294
2026-09-23T07:06:41+00:00,1.08460294,1.08560147,1.08449119,1.08547062
2026-09-23T07:07:41+00:00,1.08547062,1.08580503,1.08541476,1.08568771
2026-09-23T07:08:41+00:00,1.08568771,1.08660685,1.08554137,1.08612199
2026-09-23T07:09:41+00:00,1.08612199,1.08659490,1.08587805,1.08633921
2026-09-23T07:10:41+00:00,1.08633921,1.08707539,1.08629840,1.08655648
2026-09-23T07:11:41+00:00,1.08655648,1.08682270,1.08646465,1.08677379
2026-09-23T07:12:41+00:00,1.08677379,1.08711269,1.08629427,1.08655644
2026-09-23T07:13:41+00:00,1.08655644,1.08676775,1.08632671,1.08633913
2026-09-23T07:14:41+00:00,1.08633913,1.08635451,1.08607739,1.08612186
2026-09-23T07:15:41+00:00,1.08612186,1.08683400,1.08608859,1.08655631
2026-09-23T07:16:41+00:00,1.08655631,1.08767599,1.08647789,1.08742556
2026-09-23T07:17:41+00:00,1.08742556,1.08762864,1.08706024,1.08720807
2026-09-23T07:18:41+00:00,1.08720807,1.08742517,1.08604470,1.08633830
2026-09-23T07:19:41+00:00,1.08633830,1.08636609,1.08555271,1.08590376
2026-09-23T07:20:41+00:00,1.08590376,1.08599325,1.08530020,1.08546940
2026-09-23T07:21:41+00:00,1.08546940,1.08596072,1.08545990,1.08590359
2026-09-23T07:22:41+00:00,1.08590359,1.08619126,1.08553648,1.08568641
2026-09-23T07:23:41+00:00,1.08568641,1.08666294,1.08554070,1.08655496
2026-09-23T07:24:41+00:00,1.08655496,1.08690148,1.08641162,1.08677227
2026-09-23T07:25:41+00:00,1.08677227,1.08707954,1.08629001,1.08633756
2026-09-23T07:26:41+00:00,1.08633756,1.08646417,1.08585227,1.08590302
2026-09-23T07:27:41+00:00,1.08590302,1.08698275,1.08564244,1.08677174
2026-09-23T07:28:41+00:00,1.08677174,1.08736887,1.08653371,1.08720645
2026-09-23T07:29:41+00:00,1.08720645,1.08729717,1.08610657,1.08633668
2026-09-23T07:30:41+00:00,1.08633668,1.08692325,1.08622627,1.08677121
2026-09-23T07:31:41+00:00,1.08677121,1.08737277,1.08673163,1.08720592
2026-09-23T07:32:41+00:00,1.08720592,1.08753979,1.08683444,1.08698848
2026-09-23T07:33:41+00:00,1.08698848,1.08810358,1.08683709,1.08785807
2026-09-23T07:34:41+00:00,1.08785807,1.08786969,1.08756140,1.08764050
2026-09-23T07:35:41+00:00,1.08764050,1.08817840,1.08762399,1.08807556
2026-09-23T07:36:41+00:00,1.08807556,1.08830024,1.08716925,1.08720510
2026-09-23T07:37:41+00:00,1.08720510,1.08723212,1.08674439,1.08677022
2026-09-23T07:38:41+00:00,1.08677022,1.08706410,1.08646322,1.08698757
2026-09-23T07:39:41+00:00,1.08698757,1.08732019,1.08694901,1.08720497
2026-09-23T07:40:41+00:00,1.08720497,1.08766795,1.08714392,1.08763985
2026-09-23T07:41:41+00:00,1.08763985,1.08787468,1.08762204,1.08785738
2026-09-23T07:42:41+00:00,1.08785738,1.08809261,1.08727467,1.08763981
2026-09-23T07:43:41+00:00,1.08763981,1.08800853,1.08759954,1.08785734
2026-09-23T07:44:41+00:00,1.08785734,1.08849782,1.08757634,1.08763977
2026-09-23T07:45:41+00:00,1.08763977,1.08786741,1.08666109,1.08676966
2026-09-23T07:46:41+00:00,1.08676966,1.08723308,1.08668743,1.08720437
2026-09-23T07:47:41+00:00,1.08720437,1.08768409,1.08717734,1.08763925
2026-09-23T07:48:41+00:00,1.08763925,1.08783281,1.08708483,1.08720419
2026-09-23T07:49:41+00:00,1.08720419,1.08772178,1.08709832,1.08742163
2026-09-23T07:50:41+00:00,1.08742163,1.08750739,1.08678285,1.08720415
2026-09-23T07:51:41+00:00,1.08720415,1.08760192,1.08666951,1.08676927
2026-09-23T07:52:41+00:00,1.08676927,1.08710561,1.08653073,1.08698662
2026-09-23T07:53:41+00:00,1.08698662,1.08713625,1.08650671,1.08655183
2026-09-23T07:54:41+00:00,1.08655183,1.08742598,1.08625067,1.08698645
2026-09-23T07:55:41+00:00,1.08698645,1.08733150,1.08652351,1.08655166
2026-09-23T07:56:41+00:00,1.08655166,1.08680836,1.08607270,1.08633435
2026-09-23T07:57:41+00:00,1.08633435,1.08745423,1.08625587,1.08720342
2026-09-23T07:58:41+00:00,1.08720342,1.08822935,1.08718893,1.08807318
2026-09-23T07:59:41+00:00,1.08807318,1.08851579,1.08805123,1.08829079
2026-09-23T08:00:41+00:00,1.08829079,1.08920348,1.08814842,1.08916142
2026-09-23T08:01:41+00:00,1.08916142,1.08926679,1.08795062,1.08829009
2026-09-23T08:02:41+00:00,1.08829009,1.08923383,1.08804479,1.08916072
2026-09-23T08:03:41+00:00,1.08916072,1.08933582,1.08840225,1.08872506
2026-09-23T08:04:41+00:00,1.08872506,1.08892414,1.08772892,1.08785408
2026-09-23T08:05:41+00:00,1.08785408,1.08822573,1.08762110,1.08763651
2026-09-23T08:06:41+00:00,1.08763651,1.08807275,1.08755661,1.08807156
2026-09-23T08:07:41+00:00,1.08807156,1.08863584,1.08804278,1.08828917
2026-09-23T08:08:41+00:00,1.08828917,1.08880977,1.08742245,1.08807151
2026-09-23T08:09:41+00:00,1.08807151,1.08828935,1.08766853,1.08785390
2026-09-23T08:10:41+00:00,1.08785390,1.08801776,1.08755844,1.08763633
2026-09-23T08:11:41+00:00,1.08763633,1.08778197,1.08688834,1.08720128
2026-09-23T08:12:41+00:00,1.08720128,1.08727599,1.08674841,1.08676640
2026-09-23T08:13:41+00:00,1.08676640,1.08704953,1.08640133,1.08698375
2026-09-23T08:14:41+00:00,1.08698375,1.08815002,1.08674133,1.08785334
2026-09-23T08:15:41+00:00,1.08785334,1.08854284,1.08759259,1.08828848
2026-09-23T08:16:41+00:00,1.08828848,1.08834356,1.08718772,1.08741785
2026-09-23T08:17:41+00:00,1.08741785,1.08747981,1.08697230,1.08698288
2026-09-23T08:18:41+00:00,1.08698288,1.08724642,1.08630486,1.08654809
2026-09-23T08:19:41+00:00,1.08654809,1.08680695,1.08596878,1.08611347
2026-09-23T08:20:41+00:00,1.08611347,1.08708362,1.08606544,1.08698236
2026-09-23T08:21:41+00:00,1.08698236,1.08717763,1.08646680,1.08654757
2026-09-23T08:22:41+00:00,1.08654757,1.08682630,1.08649883,1.08676488
2026-09-23T08:23:41+00:00,1.08676488,1.08766506,1.08667232,1.08763429
2026-09-23T08:24:41+00:00,1.08763429,1.08792011,1.08743778,1.08785182
2026-09-23T08:25:41+00:00,1.08785182,1.08820921,1.08759247,1.08763425
2026-09-23T08:26:41+00:00,1.08763425,1.08872513,1.08744190,1.08850436
2026-09-23T08:27:41+00:00,1.08850436,1.08913685,1.08848642,1.08893976
2026-09-23T08:28:41+00:00,1.08893976,1.08901962,1.08809300,1.08850418
2026-09-23T08:29:41+00:00,1.08850418,1.08926281,1.08816308,1.08872188
2026-09-23T08:30:41+00:00,1.08872188,1.08898739,1.08767568,1.08785090
2026-09-23T08:31:41+00:00,1.08785090,1.08801135,1.08735808,1.08741576
2026-09-23T08:32:41+00:00,1.08741576,1.08753814,1.08693503,1.08698079
2026-09-23T08:33:41+00:00,1.08698079,1.08718878,1.08641547,1.08654600
2026-09-23T08:34:41+00:00,1.08654600,1.08718699,1.08632949,1.08698062
2026-09-23T08:35:41+00:00,1.08698062,1.08709084,1.08663192,1.08676322
2026-09-23T08:36:41+00:00,1.08676322,1.08804949,1.08652943,1.08763263
2026-09-23T08:37:41+00:00,1.08763263,1.08778232,1.08732680,1.08741510
2026-09-23T08:38:41+00:00,1.08741510,1.08763397,1.08632638,1.08654517
2026-09-23T08:39:41+00:00,1.08654517,1.08666330,1.08565353,1.08567593
2026-09-23T08:40:41+00:00,1.08567593,1.08591892,1.08530816,1.08545879
2026-09-23T08:41:41+00:00,1.08545879,1.08571266,1.08481001,1.08524170
2026-09-23T08:42:41+00:00,1.08524170,1.08549294,1.08477711,1.08502465
2026-09-23T08:43:41+00:00,1.08502465,1.08506888,1.08402877,1.08415663
2026-09-23T08:44:41+00:00,1.08415663,1.08450331,1.08398939,1.08437346
2026-09-23T08:45:41+00:00,1.08437346,1.08452518,1.08342867,1.08350596
2026-09-23T08:46:41+00:00,1.08350596,1.08360664,1.08324076,1.08328926
2026-09-23T08:47:41+00:00,1.08328926,1.08373899,1.08326764,1.08372258
2026-09-23T08:48:41+00:00,1.08372258,1.08395446,1.08370755,1.08393932
2026-09-23T08:49:41+00:00,1.08393932,1.08412817,1.08346593,1.08350574
2026-09-23T08:50:41+00:00,1.08350574,1.08373167,1.08281554,1.08307234
2026-09-23T08:51:41+00:00,1.08307234,1.08330303,1.08262418,1.08263911
2026-09-23T08:52:41+00:00,1.08263911,1.08280097,1.08164205,1.08177300
2026-09-23T08:53:41+00:00,1.08177300,1.08193303,1.08089675,1.08090758
2026-09-23T08:54:41+00:00,1.08090758,1.08151387,1.08052344,1.08112376
2026-09-23T08:55:41+00:00,1.08112376,1.08141568,1.08086253,1.08090754
2026-09-23T08:56:41+00:00,1.08090754,1.08108048,1.08023125,1.08069136
2026-09-23T08:57:41+00:00,1.08069136,1.08079584,1.07972279,1.07982681
2026-09-23T08:58:41+00:00,1.07982681,1.08072494,1.07923793,1.08069067
2026-09-23T08:59:41+00:00,1.08069067,1.08173068,1.08044751,1.08155522
2026-09-23T09:00:41+00:00,1.08155522,1.08264867,1.08129911,1.08242046
2026-09-23T09:01:41+00:00,1.08242046,1.08292585,1.08235851,1.08285343
2026-09-23T09:02:41+00:00,1.08285343,1.08365004,1.08279883,1.08328657
2026-09-23T09:03:41+00:00,1.08328657,1.08419887,1.08315868,1.08415320
2026-09-23T09:04:41+00:00,1.08415320,1.08419548,1.08326210,1.08328588
2026-09-23T09:05:41+00:00,1.08328588,1.08362259,1.08327977,1.08350254
2026-09-23T09:06:41+00:00,1.08350254,1.08350504,1.08225380,1.08263574
2026-09-23T09:07:41+00:00,1.08263574,1.08283096,1.08214381,1.08241921
2026-09-23T09:08:41+00:00,1.08241921,1.08269389,1.08232776,1.08263569
2026-09-23T09:09:41+00:00,1.08263569,1.08264400,1.08234328,1.08241916
2026-09-23T09:10:41+00:00,1.08241916,1.08340406,1.08211267,1.08328510
2026-09-23T09:11:41+00:00,1.08328510,1.08432250,1.08317112,1.08415173
2026-09-23T09:12:41+00:00,1.08415173,1.08428609,1.08393214,1.08393490
2026-09-23T09:13:41+00:00,1.08393490,1.08408922,1.08317136,1.08350133
2026-09-23T09:14:41+00:00,1.08350133,1.08378405,1.08295242,1.08328463
2026-09-23T09:15:41+00:00,1.08328463,1.08366537,1.08325918,1.08350129
2026-09-23T09:16:41+00:00,1.08350129,1.08362432,1.08297931,1.08306789
2026-09-23T09:17:41+00:00,1.08306789,1.08401061,1.08297969,1.08393434
2026-09-23T09:18:41+00:00,1.08393434,1.08415235,1.08379535,1.08415113
2026-09-23T09:19:41+00:00,1.08415113,1.08533329,1.08392538,1.08501845
2026-09-23T09:20:41+00:00,1.08501845,1.08513675,1.08478648,1.08480145
2026-09-23T09:21:41+00:00,1.08480145,1.08498892,1.08432704,1.08436753
2026-09-23T09:22:41+00:00,1.08436753,1.08515399,1.08411260,1.08480128
2026-09-23T09:23:41+00:00,1.08480128,1.08481961,1.08454512,1.08458432
2026-09-23T09:24:41+00:00,1.08458432,1.08492411,1.08435924,1.08436740
2026-09-23T09:25:41+00:00,1.08436740,1.08530646,1.08427610,1.08523489
2026-09-23T09:26:41+00:00,1.08523489,1.08543926,1.08487259,1.08501784
2026-09-23T09:27:41+00:00,1.08501784,1.08603311,1.08488570,1.08588585
2026-09-23T09:28:41+00:00,1.08588585,1.08589031,1.08530140,1.08545150
2026-09-23T09:29:41+00:00,1.08545150,1.08556562,1.08468370,1.08501732
2026-09-23T09:30:41+00:00,1.08501732,1.08540110,1.08465136,1.08523432
2026-09-23T09:31:41+00:00,1.08523432,1.08634318,1.08523266,1.08610251
2026-09-23T09:32:41+00:00,1.08610251,1.08633165,1.08501899,1.08523363
2026-09-23T09:33:41+00:00,1.08523363,1.08633862,1.08522235,1.08610182
2026-09-23T09:34:41+00:00,1.08610182,1.08632752,1.08557778,1.08566738
2026-09-23T09:35:41+00:00,1.08566738,1.08590609,1.08474082,1.08479885
2026-09-23T09:36:41+00:00,1.08479885,1.08513927,1.08469013,1.08501581
2026-09-23T09:37:41+00:00,1.08501581,1.08525469,1.08432823,1.08458180
2026-09-23T09:38:41+00:00,1.08458180,1.08536287,1.08457845,1.08479872
2026-09-23T09:39:41+00:00,1.08479872,1.08588171,1.08468059,1.08566656
2026-09-23T09:40:41+00:00,1.08566656,1.08571952,1.08531445,1.08544943
2026-09-23T09:41:41+00:00,1.08544943,1.08569482,1.08531864,1.08566652
2026-09-23T09:42:41+00:00,1.08566652,1.08594771,1.08500468,1.08523225
2026-09-23T09:43:41+00:00,1.08523225,1.08551664,1.08453058,1.08479816
2026-09-23T09:44:41+00:00,1.08479816,1.08532251,1.08455649,1.08523208
2026-09-23T09:45:41+00:00,1.08523208,1.08554762,1.08441058,1.08479799
2026-09-23T09:46:41+00:00,1.08479799,1.08576448,1.08474453,1.08566583
2026-09-23T09:47:41+00:00,1.08566583,1.08602539,1.08515477,1.08523156
2026-09-23T09:48:41+00:00,1.08523156,1.08530830,1.08454048,1.08501451
2026-09-23T09:49:41+00:00,1.08501451,1.08525688,1.08401874,1.08414650
2026-09-23T09:50:41+00:00,1.08414650,1.08417183,1.08356986,1.08371284
2026-09-23T09:51:41+00:00,1.08371284,1.08386605,1.08327268,1.08327935
2026-09-23T09:52:41+00:00,1.08327935,1.08348792,1.08301357,1.08306269
2026-09-23T09:53:41+00:00,1.08306269,1.08355083,1.08290434,1.08349592
2026-09-23T09:54:41+00:00,1.08349592,1.08359026,1.08273904,1.08306252
2026-09-23T09:55:41+00:00,1.08306252,1.08308978,1.08235893,1.08262929
2026-09-23T09:56:41+00:00,1.08262929,1.08295439,1.08192416,1.08219624
2026-09-23T09:57:41+00:00,1.08219624,1.08266375,1.08165583,1.08176336
2026-09-23T09:58:41+00:00,1.08176336,1.08220874,1.08144706,1.08219607
2026-09-23T09:59:41+00:00,1.08219607,1.08278825,1.08182659,1.08241251
2026-09-23T10:00:41+00:00,1.08241251,1.08306292,1.08220621,1.08284548
2026-09-23T10:01:41+00:00,1.08284548,1.08328545,1.08236974,1.08262891
2026-09-23T10:02:41+00:00,1.08262891,1.08300098,1.08168526,1.08176281
2026-09-23T10:03:41+00:00,1.08176281,1.08177632,1.08119778,1.08154646
2026-09-23T10:04:41+00:00,1.08154646,1.08232032,1.08153057,1.08197908
2026-09-23T10:05:41+00:00,1.08197908,1.08327664,1.08171584,1.08241187
2026-09-23T10:06:41+00:00,1.08241187,1.08316028,1.08235575,1.08284483
2026-09-23T10:07:41+00:00,1.08284483,1.08301568,1.08196232,1.08197855
2026-09-23T10:08:41+00:00,1.08197855,1.08293959,1.08164283,1.08284413
2026-09-23T10:09:41+00:00,1.08284413,1.08314191,1.08262190,1.08262756
2026-09-23T10:10:41+00:00,1.08262756,1.08323383,1.08248148,1.08306061
2026-09-23T10:11:41+00:00,1.08306061,1.08323599,1.08264533,1.08284400
2026-09-23T10:12:41+00:00,1.08284400,1.08309258,1.08265233,1.08306057
2026-09-23T10:13:41+00:00,1.08306057,1.08313233,1.08244882,1.08262735
2026-09-23T10:14:41+00:00,1.08262735,1.08268528,1.08221256,1.08241082
2026-09-23T10:15:41+00:00,1.08241082,1.08259441,1.08171406,1.08197786
2026-09-23T10:16:41+00:00,1.08197786,1.08199095,1.08078373,1.08111228
2026-09-23T10:17:41+00:00,1.08111228,1.08158537,1.08079760,1.08154472
2026-09-23T10:18:41+00:00,1.08154472,1.08158397,1.08131956,1.08132841
2026-09-23T10:19:41+00:00,1.08132841,1.08193392,1.08103101,1.08176094
2026-09-23T10:20:41+00:00,1.08176094,1.08177973,1.08097927,1.08132824
2026-09-23T10:21:41+00:00,1.08132824,1.08170367,1.08089177,1.08089571
2026-09-23T10:22:41+00:00,1.08089571,1.08147459,1.08083496,1.08132807
2026-09-23T10:23:41+00:00,1.08132807,1.08223807,1.08124292,1.08219313
2026-09-23T10:24:41+00:00,1.08219313,1.08225868,1.08156790,1.08176025
2026-09-23T10:25:41+00:00,1.08176025,1.08205873,1.08158758,1.08197660
2026-09-23T10:26:41+00:00,1.08197660,1.08200784,1.08090393,1.08111102
2026-09-23T10:27:41+00:00,1.08111102,1.08160199,1.08070174,1.08132724
2026-09-23T10:28:41+00:00,1.08132724,1.08137202,1.08109689,1.08111097
2026-09-23T10:29:41+00:00,1.08111097,1.08127364,1.08080476,1.08089475
2026-09-23T10:30:41+00:00,1.08089475,1.08194634,1.08088600,1.08175947
2026-09-23T10:31:41+00:00,1.08175947,1.08227189,1.08175029,1.08219217
2026-09-23T10:32:41+00:00,1.08219217,1.08235878,1.08193376,1.08197573
2026-09-23T10:33:41+00:00,1.08197573,1.08219354,1.08186792,1.08219213
2026-09-23T10:34:41+00:00,1.08219213,1.08243166,1.08105813,1.08132638
2026-09-23T10:35:41+00:00,1.08132638,1.08153391,1.08040148,1.08046132
2026-09-23T10:36:41+00:00,1.08046132,1.08064277,1.07950283,1.07959695
2026-09-23T10:37:41+00:00,1.07959695,1.07988121,1.07903404,1.07916511
2026-09-23T10:38:41+00:00,1.07916511,1.07982307,1.07892924,1.07959678
2026-09-23T10:39:41+00:00,1.07959678,1.07963078,1.07921487,1.07938086
2026-09-23T10:40:41+00:00,1.07938086,1.08030205,1.07932221,1.08024436
2026-09-23T10:41:41+00:00,1.08024436,1.08049093,1.07972996,1.07981226
2026-09-23T10:42:41+00:00,1.07981226,1.08037179,1.07957522,1.08024418
2026-09-23T10:43:41+00:00,1.08024418,1.08089255,1.07983374,1.08067628
2026-09-23T10:44:41+00:00,1.08067628,1.08155605,1.08058242,1.08154082
2026-09-23T10:45:41+00:00,1.08154082,1.08169069,1.08079145,1.08110820
2026-09-23T10:46:41+00:00,1.08110820,1.08122361,1.08060272,1.08067576
2026-09-23T10:47:41+00:00,1.08067576,1.08073386,1.07978026,1.07981122
2026-09-23T10:48:41+00:00,1.07981122,1.08033428,1.07943514,1.08024314
2026-09-23T10:49:41+00:00,1.08024314,1.08082707,1.08008090,1.08067524
2026-09-23T10:50:41+00:00,1.08067524,1.08125617,1.08052147,1.08110751
2026-09-23T10:51:41+00:00,1.08110751,1.08164190,1.08097432,1.08153995
2026-09-23T10:52:41+00:00,1.08153995,1.08198833,1.08133189,1.08197257
2026-09-23T10:53:41+00:00,1.08197257,1.08215244,1.08079494,1.08110699
2026-09-23T10:54:41+00:00,1.08110699,1.08182768,1.08097436,1.08153943
2026-09-23T10:55:41+00:00,1.08153943,1.08181396,1.08024386,1.08067420
2026-09-23T10:56:41+00:00,1.08067420,1.08157127,1.08054207,1.08153874
2026-09-23T10:57:41+00:00,1.08153874,1.08181620,1.08065408,1.08067351
2026-09-23T10:58:41+00:00,1.08067351,1.08085837,1.07996257,1.08024124
2026-09-23T10:59:41+00:00,1.08024124,1.08116415,1.08022617,1.08110543
2026-09-23T11:00:41+00:00,1.08110543,1.08117438,1.08062809,1.08067299
2026-09-23T11:01:41+00:00,1.08067299,1.08142078,1.08053624,1.08110526
2026-09-23T11:02:41+00:00,1.08110526,1.08140051,1.08093874,1.08132148
2026-09-23T11:03:41+00:00,1.08132148,1.08225661,1.08122711,1.08218654
2026-09-23T11:04:41+00:00,1.08218654,1.08292236,1.08208463,1.08261941
2026-09-23T11:05:41+00:00,1.08261941,1.08281740,1.08147652,1.08175331
2026-09-23T11:06:41+00:00,1.08175331,1.08202852,1.08135402,1.08153696
2026-09-23T11:07:41+00:00,1.08153696,1.08246265,1.08130515,1.08240219
2026-09-23T11:08:41+00:00,1.08240219,1.08339154,1.08204045,1.08326811
2026-09-23T11:09:41+00:00,1.08326811,1.08430099,1.08318753,1.08413472
2026-09-23T11:10:41+00:00,1.08413472,1.08425078,1.08369456,1.08391789
2026-09-23T11:11:41+00:00,1.08391789,1.08393244,1.08338382,1.08348432
2026-09-23T11:12:41+00:00,1.08348432,1.08378607,1.08320093,1.08326762
2026-09-23T11:13:41+00:00,1.08326762,1.08353480,1.08216160,1.08240101
2026-09-23T11:14:41+00:00,1.08240101,1.08255638,1.08212090,1.08218453
2026-09-23T11:15:41+00:00,1.08218453,1.08222832,1.08157745,1.08196809
2026-09-23T11:16:41+00:00,1.08196809,1.08200409,1.08137727,1.08153530
2026-09-23T11:17:41+00:00,1.08153530,1.08247159,1.08121906,1.08240053
2026-09-23T11:18:41+00:00,1.08240053,1.08266445,1.08185390,1.08196757
2026-09-23T11:19:41+00:00,1.08196757,1.08296404,1.08177176,1.08283314
2026-09-23T11:20:41+00:00,1.08283314,1.08327314,1.08244714,1.08304971
2026-09-23T11:21:41+00:00,1.08304971,1.08327451,1.08292286,1.08326632
2026-09-23T11:22:41+00:00,1.08326632,1.08436645,1.08279334,1.08413293
2026-09-23T11:23:41+00:00,1.08413293,1.08519777,1.08380166,1.08500024
2026-09-23T11:24:41+00:00,1.08500024,1.08537511,1.08461812,1.08478324
2026-09-23T11:25:41+00:00,1.08478324,1.08581704,1.08467899,1.08565107
2026-09-23T11:26:41+00:00,1.08565107,1.08579746,1.08517750,1.08521681
2026-09-23T11:27:41+00:00,1.08521681,1.08571974,1.08509611,1.08565090
2026-09-23T11:28:41+00:00,1.08565090,1.08679122,1.08562757,1.08651942
2026-09-23T11:29:41+00:00,1.08651942,1.08670062,1.08578552,1.08608481
2026-09-23T11:30:41+00:00,1.08608481,1.08656820,1.08569166,1.08630203
2026-09-23T11:31:41+00:00,1.08630203,1.08674878,1.08603451,1.08673655
2026-09-23T11:32:41+00:00,1.08673655,1.08680728,1.08629091,1.08630186
2026-09-23T11:33:41+00:00,1.08630186,1.08695992,1.08622133,1.08673638
2026-09-23T11:34:41+00:00,1.08673638,1.08739029,1.08665136,1.08717107
2026-09-23T11:35:41+00:00,1.08717107,1.08761187,1.08665346,1.08673620
2026-09-23T11:36:41+00:00,1.08673620,1.08699210,1.08644343,1.08695355
2026-09-23T11:37:41+00:00,1.08695355,1.08724275,1.08604180,1.08608399
2026-09-23T11:38:41+00:00,1.08608399,1.08618268,1.08559111,1.08564956
2026-09-23T11:39:41+00:00,1.08564956,1.08615655,1.08556690,1.08608382
2026-09-23T11:40:41+00:00,1.08608382,1.08666740,1.08606625,1.08651825
2026-09-23T11:41:41+00:00,1.08651825,1.08738066,1.08635261,1.08695286
2026-09-23T11:42:41+00:00,1.08695286,1.08696593,1.08609132,1.08651808
2026-09-23T11:43:41+00:00,1.08651808,1.08751363,1.08643841,1.08738729
2026-09-23T11:44:41+00:00,1.08738729,1.08757989,1.08708470,1.08716981
2026-09-23T11:45:41+00:00,1.08716981,1.08738788,1.08623893,1.08630007
2026-09-23T11:46:41+00:00,1.08630007,1.08662673,1.08590873,1.08651733
2026-09-23T11:47:41+00:00,1.08651733,1.08697989,1.08626485,1.08630003
2026-09-23T11:48:41+00:00,1.08630003,1.08671668,1.08602150,1.08651729
2026-09-23T11:49:41+00:00,1.08651729,1.08675491,1.08604143,1.08608268
2026-09-23T11:50:41+00:00,1.08608268,1.08708206,1.08559432,1.08695155
2026-09-23T11:51:41+00:00,1.08695155,1.08783709,1.08690770,1.08782111
2026-09-23T11:52:41+00:00,1.08782111,1.08843459,1.08728215,1.08760355
2026-09-23T11:53:41+00:00,1.08760355,1.08794307,1.08646035,1.08673347
2026-09-23T11:54:41+00:00,1.08673347,1.08704125,1.08587797,1.08651612
2026-09-23T11:55:41+00:00,1.08651612,1.08776638,1.08632655,1.08738533
2026-09-23T11:56:41+00:00,1.08738533,1.08745748,1.08688066,1.08695038
2026-09-23T11:57:41+00:00,1.08695038,1.08755506,1.08688219,1.08738516
2026-09-23T11:58:41+00:00,1.08738516,1.08761398,1.08641221,1.08651525
2026-09-23T11:59:41+00:00,1.08651525,1.08691282,1.08602676,1.08629795
2026-09-23T12:00:41+00:00,1.08629795,1.08646614,1.08595183,1.08608069
2026-09-23T12:01:41+00:00,1.08608069,1.08661734,1.08601166,1.08651512
2026-09-23T12:02:41+00:00,1.08651512,1.08680528,1.08644832,1.08673242
2026-09-23T12:03:41+00:00,1.08673242,1.08705797,1.08638951,1.08651507
2026-09-23T12:04:41+00:00,1.08651507,1.08675386,1.08639827,1.08673237
2026-09-23T12:05:41+00:00,1.08673237,1.08687280,1.08572875,1.08586298
2026-09-23T12:06:41+00:00,1.08586298,1.08629684,1.08560152,1.08608015
2026-09-23T12:07:41+00:00,1.08608015,1.08643597,1.08591403,1.08629737
2026-09-23T12:08:41+00:00,1.08629737,1.08705002,1.08605503,1.08673189
2026-09-23T12:09:41+00:00,1.08673189,1.08682331,1.08625738,1.08629720
2026-09-23T12:10:41+00:00,1.08629720,1.08633682,1.08533525,1.08542816
2026-09-23T12:11:41+00:00,1.08542816,1.08552883,1.08502663,1.08521107
2026-09-23T12:12:41+00:00,1.08521107,1.08604314,1.08479086,1.08564515
2026-09-23T12:13:41+00:00,1.08564515,1.08665795,1.08530998,1.08651367
2026-09-23T12:14:41+00:00,1.08651367,1.08760232,1.08641231,1.08738288
2026-09-23T12:15:41+00:00,1.08738288,1.08853484,1.08714120,1.08825279
2026-09-23T12:16:41+00:00,1.08825279,1.08826287,1.08735677,1.08738219
2026-09-23T12:17:41+00:00,1.08738219,1.08754068,1.08680650,1.08694724
2026-09-23T12:18:41+00:00,1.08694724,1.08709962,1.08617602,1.08651246
2026-09-23T12:19:41+00:00,1.08651246,1.08660979,1.08549391,1.08564325
2026-09-23T12:20:41+00:00,1.08564325,1.08595028,1.08462417,1.08477474
2026-09-23T12:21:41+00:00,1.08477474,1.08510335,1.08448942,1.08499169
2026-09-23T12:22:41+00:00,1.08499169,1.08531902,1.08485666,1.08520869
2026-09-23T12:23:41+00:00,1.08520869,1.08531100,1.08460288,1.08477461
2026-09-23T12:24:41+00:00,1.08477461,1.08583741,1.08473585,1.08564243
2026-09-23T12:25:41+00:00,1.08564243,1.08633635,1.08555887,1.08607669
2026-09-23T12:26:41+00:00,1.08607669,1.08627913,1.08547791,1.08585947
2026-09-23T12:27:41+00:00,1.08585947,1.08594552,1.08556029,1.08564230
2026-09-23T12:28:41+00:00,1.08564230,1.08652360,1.08561477,1.08651081
2026-09-23T12:29:41+00:00,1.08651081,1.08662658,1.08619522,1.08629351
2026-09-23T12:30:41+00:00,1.08629351,1.08723461,1.08597923,1.08716254
2026-09-23T12:31:41+00:00,1.08716254,1.08777161,1.08713259,1.08759741
2026-09-23T12:32:41+00:00,1.08759741,1.08862730,1.08757389,1.08846749
2026-09-23T12:33:41+00:00,1.08846749,1.08863983,1.08744816,1.08759672
2026-09-23T12:34:41+00:00,1.08759672,1.08772656,1.08728509,1.08737920
2026-09-23T12:35:41+00:00,1.08737920,1.08808967,1.08736942,1.08781415
2026-09-23T12:36:41+00:00,1.08781415,1.08874254,1.08774692,1.08868440
2026-09-23T12:37:41+00:00,1.08868440,1.08895333,1.08821995,1.08846666
2026-09-23T12:38:41+00:00,1.08846666,1.08961465,1.08824415,1.08933743
2026-09-23T12:39:41+00:00,1.08933743,1.08939005,1.08828797,1.08846596
2026-09-23T12:40:41+00:00,1.08846596,1.08868750,1.08754068,1.08759519
2026-09-23T12:41:41+00:00,1.08759519,1.08772545,1.08643190,1.08672511
2026-09-23T12:42:41+00:00,1.08672511,1.08732123,1.08668065,1.08715980
2026-09-23T12:43:41+00:00,1.08715980,1.08804495,1.08697490,1.08759466
2026-09-23T12:44:41+00:00,1.08759466,1.08822485,1.08744796,1.08802970
2026-09-23T12:45:41+00:00,1.08802970,1.08865912,1.08801930,1.08846491
2026-09-23T12:46:41+00:00,1.08846491,1.08890877,1.08810685,1.08824722
2026-09-23T12:47:41+00:00,1.08824722,1.08927514,1.08800366,1.08911782
2026-09-23T12:48:41+00:00,1.08911782,1.08943725,1.08910332,1.08933564
2026-09-23T12:49:41+00:00,1.08933564,1.08938241,1.08809690,1.08846417
2026-09-23T12:50:41+00:00,1.08846417,1.08872500,1.08751236,1.08759340
2026-09-23T12:51:41+00:00,1.08759340,1.08780249,1.08636809,1.08672333
2026-09-23T12:52:41+00:00,1.08672333,1.08737565,1.08653569,1.08715802
2026-09-23T12:53:41+00:00,1.08715802,1.08719474,1.08627660,1.08694059
2026-09-23T12:54:41+00:00,1.08694059,1.08702654,1.08625153,1.08650581
2026-09-23T12:55:41+00:00,1.08650581,1.08747016,1.08647347,1.08737501
2026-09-23T12:56:41+00:00,1.08737501,1.08789423,1.08728301,1.08759249
2026-09-23T12:57:41+00:00,1.08759249,1.08784413,1.08724983,1.08781001
2026-09-23T12:58:41+00:00,1.08781001,1.08814626,1.08767436,1.08802757
2026-09-23T12:59:41+00:00,1.08802757,1.08825500,1.08702866,1.08715715
2026-09-23T13:00:41+00:00,1.08715715,1.08722244,1.08672031,1.08672229
2026-09-23T13:01:41+00:00,1.08672229,1.08777418,1.08647909,1.08759167
2026-09-23T13:02:41+00:00,1.08759167,1.08789287,1.08705764,1.08737415
2026-09-23T13:03:41+00:00,1.08737415,1.08790377,1.08695013,1.08780910
2026-09-23T13:04:41+00:00,1.08780910,1.08829166,1.08742139,1.08824422
2026-09-23T13:05:41+00:00,1.08824422,1.08909415,1.08819161,1.08867952
2026-09-23T13:06:41+00:00,1.08867952,1.08957740,1.08854308,1.08955046
2026-09-23T13:07:41+00:00,1.08955046,1.08973563,1.08838389,1.08867882
2026-09-23T13:08:41+00:00,1.08867882,1.08921091,1.08807452,1.08846108
2026-09-23T13:09:41+00:00,1.08846108,1.08898294,1.08839060,1.08889646
2026-09-23T13:10:41+00:00,1.08889646,1.08992063,1.08850838,1.08976758
2026-09-23T13:11:41+00:00,1.08976758,1.09042052,1.08972404,1.09020349
2026-09-23T13:12:41+00:00,1.09020349,1.09031744,1.08929854,1.08933133
2026-09-23T13:13:41+00:00,1.08933133,1.08942313,1.08869792,1.08889560
2026-09-23T13:14:41+00:00,1.08889560,1.08978459,1.08872547,1.08976672
2026-09-23T13:15:41+00:00,1.08976672,1.09089278,1.08957552,1.09063853
2026-09-23T13:16:41+00:00,1.09063853,1.09082739,1.08979091,1.09042040
2026-09-23T13:17:41+00:00,1.09042040,1.09043833,1.08982880,1.08998423
2026-09-23T13:18:41+00:00,1.08998423,1.09006770,1.08967099,1.08976623
2026-09-23T13:19:41+00:00,1.08976623,1.09051161,1.08972230,1.08998418
2026-09-23T13:20:41+00:00,1.08998418,1.09031269,1.08990814,1.09020218
2026-09-23T13:21:41+00:00,1.09020218,1.09113617,1.09017032,1.09107434
2026-09-23T13:22:41+00:00,1.09107434,1.09169395,1.09106168,1.09129255
2026-09-23T13:23:41+00:00,1.09129255,1.09210514,1.09090077,1.09172907
2026-09-23T13:24:41+00:00,1.09172907,1.09179393,1.09128845,1.09129238
2026-09-23T13:25:41+00:00,1.09129238,1.09183720,1.09103225,1.09151064
2026-09-23T13:26:41+00:00,1.09151064,1.09180755,1.09087117,1.09129234
2026-09-23T13:27:41+00:00,1.09129234,1.09131760,1.09078625,1.09085582
2026-09-23T13:28:41+00:00,1.09085582,1.09129894,1.09071345,1.09107399
2026-09-23T13:29:41+00:00,1.09107399,1.09172387,1.09093504,1.09129220
2026-09-23T13:30:41+00:00,1.09129220,1.09152323,1.09028717,1.09041917
2026-09-23T13:31:41+00:00,1.09041917,1.09074998,1.08927951,1.08954683
2026-09-23T13:32:41+00:00,1.08954683,1.08981728,1.08931029,1.08976474
2026-09-23T13:33:41+00:00,1.08976474,1.08977731,1.08948729,1.08954679
2026-09-23T13:34:41+00:00,1.08954679,1.08973393,1.08849967,1.08867515
2026-09-23T13:35:41+00:00,1.08867515,1.08912050,1.08850230,1.08911062
2026-09-23T13:36:41+00:00,1.08911062,1.08954695,1.08909470,1.08954626
2026-09-23T13:37:41+00:00,1.08954626,1.08995747,1.08898288,1.08976417
2026-09-23T13:38:41+00:00,1.08976417,1.08998233,1.08871346,1.08889236
2026-09-23T13:39:41+00:00,1.08889236,1.08946169,1.08887911,1.08911014
2026-09-23T13:40:41+00:00,1.08911014,1.08922865,1.08871930,1.08889232
2026-09-23T13:41:41+00:00,1.08889232,1.08983756,1.08871690,1.08976343
2026-09-23T13:42:41+00:00,1.08976343,1.09065138,1.08958114,1.09063524
2026-09-23T13:43:41+00:00,1.09063524,1.09078479,1.09006342,1.09041711
2026-09-23T13:44:41+00:00,1.09041711,1.09054392,1.08953496,1.08954478
2026-09-23T13:45:41+00:00,1.08954478,1.08988416,1.08836418,1.08867314
2026-09-23T13:46:41+00:00,1.08867314,1.08878842,1.08748655,1.08780220
2026-09-23T13:47:41+00:00,1.08780220,1.08813657,1.08766565,1.08801976
2026-09-23T13:48:41+00:00,1.08801976,1.08828434,1.08743205,1.08823736
2026-09-23T13:49:41+00:00,1.08823736,1.08925407,1.08822853,1.08910795
2026-09-23T13:50:41+00:00,1.08910795,1.08964466,1.08869285,1.08954359
2026-09-23T13:51:41+00:00,1.08954359,1.09055288,1.08950612,1.09041522
2026-09-23T13:52:41+00:00,1.09041522,1.09082974,1.09034824,1.09063330
2026-09-23T13:53:41+00:00,1.09063330,1.09066541,1.08970927,1.08976079
2026-09-23T13:54:41+00:00,1.08976079,1.08979559,1.08954144,1.08954284
2026-09-23T13:55:41+00:00,1.08954284,1.08995024,1.08938541,1.08976075
2026-09-23T13:56:41+00:00,1.08976075,1.08980132,1.08947764,1.08954280
2026-09-23T13:57:41+00:00,1.08954280,1.08981409,1.08900669,1.08910698
2026-09-23T13:58:41+00:00,1.08910698,1.08924728,1.08814560,1.08823569
2026-09-23T13:59:41+00:00,1.08823569,1.08945980,1.08818557,1.08910628
2026-09-23T14:00:41+00:00,1.08910628,1.09032118,1.08871514,1.08997757
2026-09-23T14:01:41+00:00,1.08997757,1.09022122,1.08894725,1.08910559
2026-09-23T14:02:41+00:00,1.08910559,1.08962206,1.08909971,1.08932341
2026-09-23T14:03:41+00:00,1.08932341,1.08952268,1.08910117,1.08910555
2026-09-23T14:04:41+00:00,1.08910555,1.09011025,1.08901429,1.08997683
2026-09-23T14:05:41+00:00,1.08997683,1.09117832,1.08991345,1.09084881
2026-09-23T14:06:41+00:00,1.09084881,1.09185595,1.09081806,1.09172149
2026-09-23T14:07:41+00:00,1.09172149,1.09185392,1.09108397,1.09128480
2026-09-23T14:08:41+00:00,1.09128480,1.09178974,1.09116387,1.09172131
2026-09-23T14:09:41+00:00,1.09172131,1.09218182,1.09169987,1.09193965
2026-09-23T14:10:41+00:00,1.09193965,1.09256772,1.09157556,1.09237643
2026-09-23T14:11:41+00:00,1.09237643,1.09270702,1.09223752,1.09259491
2026-09-23T14:12:41+00:00,1.09259491,1.09274707,1.09153492,1.09172083
2026-09-23T14:13:41+00:00,1.09172083,1.09284765,1.09150688,1.09259421
2026-09-23T14:14:41+00:00,1.09259421,1.09290053,1.09196889,1.09215717
2026-09-23T14:15:41+00:00,1.09215717,1.09304861,1.09191940,1.09303090
2026-09-23T14:16:41+00:00,1.09303090,1.09305085,1.09241622,1.09259369
2026-09-23T14:17:41+00:00,1.09259369,1.09270337,1.09197086,1.09215665
2026-09-23T14:18:41+00:00,1.09215665,1.09216363,1.09181089,1.09193822
2026-09-23T14:19:41+00:00,1.09193822,1.09222820,1.09157487,1.09171983
2026-09-23T14:20:41+00:00,1.09171983,1.09262498,1.09140732,1.09259321
2026-09-23T14:21:41+00:00,1.09259321,1.09273587,1.09167296,1.09171914
2026-09-23T14:22:41+00:00,1.09171914,1.09268025,1.09150723,1.09259252
2026-09-23T14:23:41+00:00,1.09259252,1.09320277,1.09231568,1.09302956
2026-09-23T14:24:41+00:00,1.09302956,1.09336940,1.09253099,1.09259235
2026-09-23T14:25:41+00:00,1.09259235,1.09317079,1.09226618,1.09237383
2026-09-23T14:26:41+00:00,1.09237383,1.09244990,1.09212985,1.09215536
2026-09-23T14:27:41+00:00,1.09215536,1.09321580,1.09215518,1.09302908
2026-09-23T14:28:41+00:00,1.09302908,1.09352346,1.09295524,1.09346629
2026-09-23T14:29:41+00:00,1.09346629,1.09464289,1.09340941,1.09434106
2026-09-23T14:30:41+00:00,1.09434106,1.09463536,1.09429164,1.09455993
2026-09-23T14:31:41+00:00,1.09455993,1.09459658,1.09422559,1.09434102
2026-09-23T14:32:41+00:00,1.09434102,1.09487611,1.09404603,1.09455989
2026-09-23T14:33:41+00:00,1.09455989,1.09472347,1.09352679,1.09368424
2026-09-23T14:34:41+00:00,1.09368424,1.09423687,1.09356680,1.09390298
2026-09-23T14:35:41+00:00,1.09390298,1.09409536,1.09338942,1.09368420
2026-09-23T14:36:41+00:00,1.09368420,1.09377716,1.09320184,1.09324673
2026-09-23T14:37:41+00:00,1.09324673,1.09374139,1.09313951,1.09346538
2026-09-23T14:38:41+00:00,1.09346538,1.09356345,1.09258382,1.09259061
2026-09-23T14:39:41+00:00,1.09259061,1.09277581,1.09214391,1.09237209
2026-09-23T14:40:41+00:00,1.09237209,1.09241858,1.09146008,1.09149819
2026-09-23T14:41:41+00:00,1.09149819,1.09170804,1.09107422,1.09127989
2026-09-23T14:42:41+00:00,1.09127989,1.09128694,1.09035674,1.09040687
2026-09-23T14:43:41+00:00,1.09040687,1.09141450,1.09002402,1.09084303
2026-09-23T14:44:41+00:00,1.09084303,1.09133392,1.09068947,1.09106120
2026-09-23T14:45:41+00:00,1.09106120,1.09143558,1.09057594,1.09062478
2026-09-23T14:46:41+00:00,1.09062478,1.09165576,1.09034257,1.09149728
2026-09-23T14:47:41+00:00,1.09149728,1.09198644,1.09097382,1.09106068
2026-09-23T14:48:41+00:00,1.09106068,1.09130773,1.09053388,1.09084247
2026-09-23T14:49:41+00:00,1.09084247,1.09094800,1.09027553,1.09040613
2026-09-23T14:50:41+00:00,1.09040613,1.09132741,1.09017479,1.09127845
2026-09-23T14:51:41+00:00,1.09127845,1.09173851,1.09019128,1.09040543
2026-09-23T14:52:41+00:00,1.09040543,1.09142753,1.09026856,1.09127775
2026-09-23T14:53:41+00:00,1.09127775,1.09226894,1.09089999,1.09215077
2026-09-23T14:54:41+00:00,1.09215077,1.09312328,1.09214217,1.09302449
2026-09-23T14:55:41+00:00,1.09302449,1.09333422,1.09211659,1.09215007
2026-09-23T14:56:41+00:00,1.09215007,1.09302763,1.09206087,1.09302379
2026-09-23T14:57:41+00:00,1.09302379,1.09404847,1.09279669,1.09389821
2026-09-23T14:58:41+00:00,1.09389821,1.09436445,1.09377122,1.09433577
2026-09-23T14:59:41+00:00,1.09433577,1.09468243,1.09414256,1.09455464
2026-09-23T15:00:41+00:00,1.09455464,1.09469699,1.09407682,1.09411682
2026-09-23T15:01:41+00:00,1.09411682,1.09416488,1.09367628,1.09367917
2026-09-23T15:02:41+00:00,1.09367917,1.09394666,1.09316715,1.09324170
2026-09-23T15:03:41+00:00,1.09324170,1.09368010,1.09302553,1.09367900
2026-09-23T15:04:41+00:00,1.09367900,1.09369217,1.09323596,1.09346026
2026-09-23T15:05:41+00:00,1.09346026,1.09432201,1.09331021,1.09389764
2026-09-23T15:06:41+00:00,1.09389764,1.09446867,1.09369375,1.09411642
2026-09-23T15:07:41+00:00,1.09411642,1.09418166,1.09341843,1.09367877
2026-09-23T15:08:41+00:00,1.09367877,1.09414964,1.09338677,1.09411624
2026-09-23T15:09:41+00:00,1.09411624,1.09522383,1.09318880,1.09499153
2026-09-23T15:10:41+00:00,1.09499153,1.09505341,1.09458511,1.09477253
2026-09-23T15:11:41+00:00,1.09477253,1.09492896,1.09364903,1.09389671
2026-09-23T15:12:41+00:00,1.09389671,1.09403719,1.09344643,1.09367793
2026-09-23T15:13:41+00:00,1.09367793,1.09457498,1.09347947,1.09455287
2026-09-23T15:14:41+00:00,1.09455287,1.09490217,1.09400825,1.09411505
2026-09-23T15:15:41+00:00,1.09411505,1.09463572,1.09409201,1.09455270
2026-09-23T15:16:41+00:00,1.09455270,1.09552074,1.09435860,1.09542834
2026-09-23T15:17:41+00:00,1.09542834,1.09649540,1.09506309,1.09630468
2026-09-23T15:18:41+00:00,1.09630468,1.09663239,1.09538945,1.09542764
2026-09-23T15:19:41+00:00,1.09542764,1.09638051,1.09504289,1.09630398
2026-09-23T15:20:41+00:00,1.09630398,1.09659504,1.09537144,1.09542694
2026-09-23T15:21:41+00:00,1.09542694,1.09604165,1.09501940,1.09586511
2026-09-23T15:22:41+00:00,1.09586511,1.09636222,1.09571370,1.09608428
2026-09-23T15:23:41+00:00,1.09608428,1.09732982,1.09574225,1.09696115
2026-09-23T15:24:41+00:00,1.09696115,1.09751489,1.09668963,1.09739993
2026-09-23T15:25:41+00:00,1.09739993,1.09826786,1.09716994,1.09783889
2026-09-23T15:26:41+00:00,1.09783889,1.09806368,1.09749473,1.09761932
2026-09-23T15:27:41+00:00,1.09761932,1.09772019,1.09698574,1.09718027
2026-09-23T15:28:41+00:00,1.09718027,1.09785364,1.09712868,1.09761914
2026-09-23T15:29:41+00:00,1.09761914,1.09772045,1.09664100,1.09674104
2026-09-23T15:30:41+00:00,1.09674104,1.09723975,1.09666072,1.09696039
2026-09-23T15:31:41+00:00,1.09696039,1.09810302,1.09675338,1.09783796
2026-09-23T15:32:41+00:00,1.09783796,1.09808957,1.09725225,1.09739882
2026-09-23T15:33:41+00:00,1.09739882,1.09744749,1.09705177,1.09717934
2026-09-23T15:34:41+00:00,1.09717934,1.09729609,1.09670274,1.09674047
2026-09-23T15:35:41+00:00,1.09674047,1.09766796,1.09647334,1.09761786
2026-09-23T15:36:41+00:00,1.09761786,1.09762714,1.09720434,1.09739834
2026-09-23T15:37:41+00:00,1.09739834,1.09795883,1.09734768,1.09761782
2026-09-23T15:38:41+00:00,1.09761782,1.09785970,1.09603723,1.09673973
2026-09-23T15:39:41+00:00,1.09673973,1.09689713,1.09641542,1.09652038
2026-09-23T15:40:41+00:00,1.09652038,1.09712607,1.09648996,1.09695899
2026-09-23T15:41:41+00:00,1.09695899,1.09753659,1.09666352,1.09739777
2026-09-23T15:42:41+00:00,1.09739777,1.09741044,1.09665112,1.09695881
2026-09-23T15:43:41+00:00,1.09695881,1.09751929,1.09694634,1.09739759
2026-09-23T15:44:41+00:00,1.09739759,1.09785370,1.09707430,1.09761707
2026-09-23T15:45:41+00:00,1.09761707,1.09807236,1.09722846,1.09739755
2026-09-23T15:46:41+00:00,1.09739755,1.09747262,1.09693722,1.09695859
2026-09-23T15:47:41+00:00,1.09695859,1.09714689,1.09596872,1.09608102
2026-09-23T15:48:41+00:00,1.09608102,1.09659758,1.09573753,1.09651945
2026-09-23T15:49:41+00:00,1.09651945,1.09654656,1.09609535,1.09630015
2026-09-23T15:50:41+00:00,1.09630015,1.09697550,1.09615718,1.09673867
2026-09-23T15:51:41+00:00,1.09673867,1.09675090,1.09615669,1.09629997
2026-09-23T15:52:41+00:00,1.09629997,1.09728901,1.09628499,1.09717701
2026-09-23T15:53:41+00:00,1.09717701,1.09736296,1.09667584,1.09695757
2026-09-23T15:54:41+00:00,1.09695757,1.09718600,1.09631160,1.09651879
2026-09-23T15:55:41+00:00,1.09651879,1.09704994,1.09624825,1.09695740
2026-09-23T15:56:41+00:00,1.09695740,1.09708846,1.09667109,1.09673801
2026-09-23T15:57:41+00:00,1.09673801,1.09701308,1.09621677,1.09651866
2026-09-23T15:58:41+00:00,1.09651866,1.09771291,1.09624316,1.09739587
2026-09-23T15:59:41+00:00,1.09739587,1.09791360,1.09683844,1.09783483
2026-09-23T16:00:41+00:00,1.09783483,1.09783548,1.09675887,1.09695656
2026-09-23T16:01:41+00:00,1.09695656,1.09720253,1.09560169,1.09607899
2026-09-23T16:02:41+00:00,1.09607899,1.09620424,1.09519433,1.09564056
2026-09-23T16:03:41+00:00,1.09564056,1.09614907,1.09555836,1.09607882
2026-09-23T16:04:41+00:00,1.09607882,1.09625116,1.09584288,1.09585960
2026-09-23T16:05:41+00:00,1.09585960,1.09591846,1.09456181,1.09498291
2026-09-23T16:06:41+00:00,1.09498291,1.09562696,1.09472176,1.09542090
2026-09-23T16:07:41+00:00,1.09542090,1.09566891,1.09500335,1.09563998
2026-09-23T16:08:41+00:00,1.09563998,1.09578339,1.09459314,1.09476347
2026-09-23T16:09:41+00:00,1.09476347,1.09484385,1.09431222,1.09432556
2026-09-23T16:10:41+00:00,1.09432556,1.09467846,1.09367504,1.09388783
2026-09-23T16:11:41+00:00,1.09388783,1.09411396,1.09298441,1.09301272
2026-09-23T16:12:41+00:00,1.09301272,1.09352507,1.09270413,1.09344993
2026-09-23T16:13:41+00:00,1.09344993,1.09360179,1.09263026,1.09301255
2026-09-23T16:14:41+00:00,1.09301255,1.09401923,1.09298077,1.09388696
2026-09-23T16:15:41+00:00,1.09388696,1.09477900,1.09376257,1.09476207
2026-09-23T16:16:41+00:00,1.09476207,1.09476807,1.09424855,1.09432417
2026-09-23T16:17:41+00:00,1.09432417,1.09433724,1.09395627,1.09410531
2026-09-23T16:18:41+00:00,1.09410531,1.09477853,1.09405496,1.09454295
2026-09-23T16:19:41+00:00,1.09454295,1.09481805,1.09425698,1.09476186
2026-09-23T16:20:41+00:00,1.09476186,1.09490368,1.09376283,1.09388605
2026-09-23T16:21:41+00:00,1.09388605,1.09503827,1.09362822,1.09476116
2026-09-23T16:22:41+00:00,1.09476116,1.09493077,1.09424074,1.09454221
2026-09-23T16:23:41+00:00,1.09454221,1.09503028,1.09449749,1.09476112
2026-09-23T16:24:41+00:00,1.09476112,1.09479181,1.09368984,1.09388531
2026-09-23T16:25:41+00:00,1.09388531,1.09440917,1.09281152,1.09301020
2026-09-23T16:26:41+00:00,1.09301020,1.09314499,1.09218443,1.09257300
2026-09-23T16:27:41+00:00,1.09257300,1.09284769,1.09234169,1.09279151
2026-09-23T16:28:41+00:00,1.09279151,1.09301454,1.09246263,1.09257295
2026-09-23T16:29:41+00:00,1.09257295,1.09371494,1.09242674,1.09344701
2026-09-23T16:30:41+00:00,1.09344701,1.09353057,1.09247938,1.09257225
2026-09-23T16:31:41+00:00,1.09257225,1.09316976,1.09212405,1.09235374
2026-09-23T16:32:41+00:00,1.09235374,1.09268430,1.09170138,1.09191680
2026-09-23T16:33:41+00:00,1.09191680,1.09221872,1.09180993,1.09213518
2026-09-23T16:34:41+00:00,1.09213518,1.09225586,1.09136176,1.09169833
2026-09-23T16:35:41+00:00,1.09169833,1.09192021,1.09127081,1.09191667
2026-09-23T16:36:41+00:00,1.09191667,1.09217924,1.09160479,1.09169829
2026-09-23T16:37:41+00:00,1.09169829,1.09215803,1.09162096,1.09191663
2026-09-23T16:38:41+00:00,1.09191663,1.09296605,1.09165133,1.09279016
2026-09-23T16:39:41+00:00,1.09279016,1.09311630,1.09259290,1.09300872
2026-09-23T16:40:41+00:00,1.09300872,1.09400971,1.09276440,1.09388313
2026-09-23T16:41:41+00:00,1.09388313,1.09390328,1.09280799,1.09300802
2026-09-23T16:42:41+00:00,1.09300802,1.09318419,1.09244254,1.09257082
2026-09-23T16:43:41+00:00,1.09257082,1.09308004,1.09254084,1.09300785
2026-09-23T16:44:41+00:00,1.09300785,1.09413626,1.09289666,1.09388226
2026-09-23T16:45:41+00:00,1.09388226,1.09450531,1.09384816,1.09431981
2026-09-23T16:46:41+00:00,1.09431981,1.09438917,1.09312328,1.09344435
2026-09-23T16:47:41+00:00,1.09344435,1.09380689,1.09266847,1.09300697
2026-09-23T16:48:41+00:00,1.09300697,1.09335397,1.09239919,1.09256977
2026-09-23T16:49:41+00:00,1.09256977,1.09260787,1.09205319,1.09213274
2026-09-23T16:50:41+00:00,1.09213274,1.09215399,1.09167706,1.09191431
2026-09-23T16:51:41+00:00,1.09191431,1.09234912,1.09093864,1.09104078
2026-09-23T16:52:41+00:00,1.09104078,1.09147875,1.09100402,1.09147720
2026-09-23T16:53:41+00:00,1.09147720,1.09154195,1.09083141,1.09104061
2026-09-23T16:54:41+00:00,1.09104061,1.09150723,1.09093028,1.09147703
2026-09-23T16:55:41+00:00,1.09147703,1.09236057,1.09106518,1.09235021
2026-09-23T16:56:41+00:00,1.09235021,1.09286547,1.09185321,1.09278715
2026-09-23T16:57:41+00:00,1.09278715,1.09310078,1.09169579,1.09191292
2026-09-23T16:58:41+00:00,1.09191292,1.09283511,1.09159761,1.09278645
2026-09-23T16:59:41+00:00,1.09278645,1.09311310,1.09274328,1.09300501
2026-09-23T17:00:41+00:00,1.09300501,1.09321887,1.09252054,1.09256781
2026-09-23T17:01:41+00:00,1.09256781,1.09264902,1.09167319,1.09169376
2026-09-23T17:02:41+00:00,1.09169376,1.09218993,1.09128631,1.09191210
2026-09-23T17:03:41+00:00,1.09191210,1.09321113,1.09157889,1.09278563
2026-09-23T17:04:41+00:00,1.09278563,1.09345659,1.09270393,1.09322274
2026-09-23T17:05:41+00:00,1.09322274,1.09332929,1.09212381,1.09234816
2026-09-23T17:06:41+00:00,1.09234816,1.09282339,1.09206789,1.09256663
2026-09-23T17:07:41+00:00,1.09256663,1.09285294,1.09169239,1.09212960
2026-09-23T17:08:41+00:00,1.09212960,1.09264488,1.09206914,1.09256645
2026-09-23T17:09:41+00:00,1.09256645,1.09312898,1.09238122,1.09300348
2026-09-23T17:10:41+00:00,1.09300348,1.09333301,1.09297460,1.09322208
2026-09-23T17:11:41+00:00,1.09322208,1.09357793,1.09282979,1.09300344
2026-09-23T17:12:41+00:00,1.09300344,1.09340878,1.09292039,1.09322204
2026-09-23T17:13:41+00:00,1.09322204,1.09336848,1.09198022,1.09234746
2026-09-23T17:14:41+00:00,1.09234746,1.09257915,1.09205530,1.09212899
2026-09-23T17:15:41+00:00,1.09212899,1.09235214,1.09113235,1.09125529
2026-09-23T17:16:41+00:00,1.09125529,1.09222007,1.09101924,1.09212829
2026-09-23T17:17:41+00:00,1.09212829,1.09267514,1.09199072,1.09256514
2026-09-23T17:18:41+00:00,1.09256514,1.09304714,1.09237591,1.09300217
2026-09-23T17:19:41+00:00,1.09300217,1.09326045,1.09256851,1.09278357
2026-09-23T17:20:41+00:00,1.09278357,1.09313129,1.09245123,1.09256501
2026-09-23T17:21:41+00:00,1.09256501,1.09288385,1.09234435,1.09278352
2026-09-23T17:22:41+00:00,1.09278352,1.09288582,1.09202555,1.09234641
2026-09-23T17:23:41+00:00,1.09234641,1.09323250,1.09225411,1.09322029
2026-09-23T17:24:41+00:00,1.09322029,1.09336292,1.09262141,1.09300165
2026-09-23T17:25:41+00:00,1.09300165,1.09329637,1.09202850,1.09212725
2026-09-23T17:26:41+00:00,1.09212725,1.09222914,1.09120523,1.09125355
2026-09-23T17:27:41+00:00,1.09125355,1.09226553,1.09118404,1.09212655
2026-09-23T17:28:41+00:00,1.09212655,1.09265466,1.09200175,1.09234498
2026-09-23T17:29:41+00:00,1.09234498,1.09259582,1.09201316,1.09212651
2026-09-23T17:30:41+00:00,1.09212651,1.09214279,1.09116179,1.09125281
2026-09-23T17:31:41+00:00,1.09125281,1.09134223,1.09088230,1.09103456
2026-09-23T17:32:41+00:00,1.09103456,1.09219837,1.09093272,1.09190739
2026-09-23T17:33:41+00:00,1.09190739,1.09233998,1.09178791,1.09212577
2026-09-23T17:34:41+00:00,1.09212577,1.09216185,1.09108018,1.09125207
2026-09-23T17:35:41+00:00,1.09125207,1.09169628,1.09074444,1.09168857
2026-09-23T17:36:41+00:00,1.09168857,1.09260414,1.09157683,1.09256192
2026-09-23T17:37:41+00:00,1.09256192,1.09273730,1.09153905,1.09168787
2026-09-23T17:38:41+00:00,1.09168787,1.09172420,1.09067696,1.09081452
2026-09-23T17:39:41+00:00,1.09081452,1.09126522,1.09070268,1.09103268
2026-09-23T17:40:41+00:00,1.09103268,1.09199285,1.09072819,1.09190551
2026-09-23T17:41:41+00:00,1.09190551,1.09224918,1.09184814,1.09212389
2026-09-23T17:42:41+00:00,1.09212389,1.09235342,1.09182993,1.09190547
2026-09-23T17:43:41+00:00,1.09190547,1.09280835,1.09179930,1.09277899
2026-09-23T17:44:41+00:00,1.09277899,1.09361733,1.09262557,1.09321610
2026-09-23T17:45:41+00:00,1.09321610,1.09420602,1.09310576,1.09409067
2026-09-23T17:46:41+00:00,1.09409067,1.09441352,1.09361211,1.09365303
2026-09-23T17:47:41+00:00,1.09365303,1.09395810,1.09309470,1.09343430
2026-09-23T17:48:41+00:00,1.09343430,1.09375036,1.09317248,1.09365299
2026-09-23T17:49:41+00:00,1.09365299,1.09386333,1.09314901,1.09321553
2026-09-23T17:50:41+00:00,1.09321553,1.09367010,1.09289948,1.09343417
2026-09-23T17:51:41+00:00,1.09343417,1.09397416,1.09325571,1.09387154
2026-09-23T17:52:41+00:00,1.09387154,1.09395096,1.09295877,1.09299644
2026-09-23T17:53:41+00:00,1.09299644,1.09365007,1.09259254,1.09343364
2026-09-23T17:54:41+00:00,1.09343364,1.09413874,1.09309985,1.09387101
2026-09-23T17:55:41+00:00,1.09387101,1.09428954,1.09378005,1.09408978
2026-09-23T17:56:41+00:00,1.09408978,1.09437268,1.09375858,1.09387096
2026-09-23T17:57:41+00:00,1.09387096,1.09393887,1.09340414,1.09365219
2026-09-23T17:58:41+00:00,1.09365219,1.09422853,1.09328323,1.09387092
2026-09-23T17:59:41+00:00,1.09387092,1.09399257,1.09364144,1.09365215
2026-09-23T18:00:41+00:00,1.09365215,1.09420953,1.09359508,1.09408961
2026-09-23T18:01:41+00:00,1.09408961,1.09452510,1.09338015,1.09387079
2026-09-23T18:02:41+00:00,1.09387079,1.09409281,1.09340303,1.09343324
2026-09-23T18:03:41+00:00,1.09343324,1.09385992,1.09336023,1.09365193
2026-09-23T18:04:41+00:00,1.09365193,1.09410122,1.09363347,1.09387066
2026-09-23T18:05:41+00:00,1.09387066,1.09500708,1.09367492,1.09474576
2026-09-23T18:06:41+00:00,1.09474576,1.09520867,1.09400888,1.09430786
2026-09-23T18:07:41+00:00,1.09430786,1.09547079,1.09421051,1.09518331
2026-09-23T18:08:41+00:00,1.09518331,1.09577642,1.09513264,1.09562138
2026-09-23T18:09:41+00:00,1.09562138,1.09566643,1.09537906,1.09540226
2026-09-23T18:10:41+00:00,1.09540226,1.09548400,1.09508866,1.09518318
2026-09-23T18:11:41+00:00,1.09518318,1.09530417,1.09423087,1.09430703
2026-09-23T18:12:41+00:00,1.09430703,1.09433364,1.09313591,1.09343158
2026-09-23T18:13:41+00:00,1.09343158,1.09359329,1.09285472,1.09321289
2026-09-23T18:14:41+00:00,1.09321289,1.09324501,1.09268154,1.09299425
2026-09-23T18:15:41+00:00,1.09299425,1.09372805,1.09296348,1.09343145
2026-09-23T18:16:41+00:00,1.09343145,1.09416589,1.09303948,1.09365014
2026-09-23T18:17:41+00:00,1.09365014,1.09456489,1.09335225,1.09452506
2026-09-23T18:18:41+00:00,1.09452506,1.09509148,1.09415469,1.09496287
2026-09-23T18:19:41+00:00,1.09496287,1.09606606,1.09465682,1.09583884
2026-09-23T18:20:41+00:00,1.09583884,1.09584752,1.09555082,1.09561967
2026-09-23T18:21:41+00:00,1.09561967,1.09657991,1.09540014,1.09649617
2026-09-23T18:22:41+00:00,1.09649617,1.09676290,1.09553204,1.09561897
2026-09-23T18:23:41+00:00,1.09561897,1.09570983,1.09496324,1.09518072
2026-09-23T18:24:41+00:00,1.09518072,1.09570235,1.09482706,1.09496168
2026-09-23T18:25:41+00:00,1.09496168,1.09561891,1.09475843,1.09539966
2026-09-23T18:26:41+00:00,1.09539966,1.09641045,1.09523623,1.09627598
2026-09-23T18:27:41+00:00,1.09627598,1.09746185,1.09611397,1.09715300
2026-09-23T18:28:41+00:00,1.09715300,1.09801221,1.09680719,1.09759186
2026-09-23T18:29:41+00:00,1.09759186,1.09839356,1.09730034,1.09803090
2026-09-23T18:30:41+00:00,1.09803090,1.09828311,1.09780153,1.09825051
2026-09-23T18:31:41+00:00,1.09825051,1.09826440,1.09786862,1.09803086
2026-09-23T18:32:41+00:00,1.09803086,1.09894590,1.09788268,1.09890928
2026-09-23T18:33:41+00:00,1.09890928,1.09936631,1.09861593,1.09934884
2026-09-23T18:34:41+00:00,1.09934884,1.09957928,1.09899306,1.09912897
2026-09-23T18:35:41+00:00,1.09912897,1.09940411,1.09891039,1.09934880
2026-09-23T18:36:41+00:00,1.09934880,1.09998863,1.09924504,1.09956867
2026-09-23T18:37:41+00:00,1.09956867,1.09982339,1.09947133,1.09978858
2026-09-23T18:38:41+00:00,1.09978858,1.10071317,1.09955548,1.10066841
2026-09-23T18:39:41+00:00,1.10066841,1.10136694,1.10056590,1.10088854
2026-09-23T18:40:41+00:00,1.10088854,1.10119712,1.09982305,1.10000783
2026-09-23T18:41:41+00:00,1.10000783,1.10007171,1.09862546,1.09912782
2026-09-23T18:42:41+00:00,1.09912782,1.10025831,1.09890510,1.10000712
2026-09-23T18:43:41+00:00,1.10000712,1.10005820,1.09944445,1.09956712
2026-09-23T18:44:41+00:00,1.09956712,1.10096444,1.09948798,1.10044677
2026-09-23T18:45:41+00:00,1.10044677,1.10107146,1.10037700,1.10088695
2026-09-23T18:46:41+00:00,1.10088695,1.10116686,1.09964754,1.10000624
2026-09-23T18:47:41+00:00,1.10000624,1.10123370,1.09980873,1.10088624
2026-09-23T18:48:41+00:00,1.10088624,1.10148765,1.10058595,1.10132659
2026-09-23T18:49:41+00:00,1.10132659,1.10160972,1.10101843,1.10154686
2026-09-23T18:50:41+00:00,1.10154686,1.10192265,1.10130467,1.10176717
2026-09-23T18:51:41+00:00,1.10176717,1.10280932,1.10173849,1.10264858
2026-09-23T18:52:41+00:00,1.10264858,1.10354761,1.10255184,1.10353070
2026-09-23T18:53:41+00:00,1.10353070,1.10355159,1.10281938,1.10308929
2026-09-23T18:54:41+00:00,1.10308929,1.10314708,1.10230614,1.10264805
2026-09-23T18:55:41+00:00,1.10264805,1.10278449,1.10148714,1.10176593
2026-09-23T18:56:41+00:00,1.10176593,1.10226251,1.10176228,1.10198628
2026-09-23T18:57:41+00:00,1.10198628,1.10279766,1.10172385,1.10242707
2026-09-23T18:58:41+00:00,1.10242707,1.10314942,1.10221993,1.10286804
2026-09-23T18:59:41+00:00,1.10286804,1.10293502,1.10192798,1.10198575
2026-09-23T19:00:41+00:00,1.10198575,1.10226706,1.10197014,1.10220615
2026-09-23T19:01:41+00:00,1.10220615,1.10234170,1.10122090,1.10132439
2026-09-23T19:02:41+00:00,1.10132439,1.10149417,1.10092832,1.10110413
2026-09-23T19:03:41+00:00,1.10110413,1.10162339,1.10037130,1.10066369
2026-09-23T19:04:41+00:00,1.10066369,1.10096957,1.10040239,1.10088382
2026-09-23T19:05:41+00:00,1.10088382,1.10097512,1.09994085,1.10000311
2026-09-23T19:06:41+00:00,1.10000311,1.10072526,1.10000037,1.10044311
2026-09-23T19:07:41+00:00,1.10044311,1.10056437,1.09965101,1.10000293
2026-09-23T19:08:41+00:00,1.10000293,1.10059151,1.09883554,1.09912293
2026-09-23T19:09:41+00:00,1.09912293,1.09918408,1.09813888,1.09824363
2026-09-23T19:10:41+00:00,1.09824363,1.09848911,1.09762967,1.09802398
2026-09-23T19:11:41+00:00,1.09802398,1.09908636,1.09797034,1.09890240
2026-09-23T19:12:41+00:00,1.09890240,1.09949452,1.09885978,1.09934196
2026-09-23T19:13:41+00:00,1.09934196,1.09989087,1.09926879,1.09978170
2026-09-23T19:14:41+00:00,1.09978170,1.10013127,1.09963548,1.10000166
2026-09-23T19:15:41+00:00,1.10000166,1.10008381,1.09976103,1.09978166
2026-09-23T19:16:41+00:00,1.09978166,1.10022628,1.09946861,1.09956170
2026-09-23T19:17:41+00:00,1.09956170,1.09970863,1.09901766,1.09912188
2026-09-23T19:18:41+00:00,1.09912188,1.09943471,1.09850703,1.09868223
2026-09-23T19:19:41+00:00,1.09868223,1.09891215,1.09834941,1.09846249
2026-09-23T19:20:41+00:00,1.09846249,1.09896948,1.09822537,1.09890187
2026-09-23T19:21:41+00:00,1.09890187,1.09958245,1.09882295,1.09912165
2026-09-23T19:22:41+00:00,1.09912165,1.09914951,1.09791835,1.09824235
2026-09-23T19:23:41+00:00,1.09824235,1.09928261,1.09820508,1.09912094
2026-09-23T19:24:41+00:00,1.09912094,1.09959913,1.09889505,1.09934076
2026-09-23T19:25:41+00:00,1.09934076,1.09954504,1.09910516,1.09912089
2026-09-23T19:26:41+00:00,1.09912089,1.09953434,1.09890622,1.09934071
2026-09-23T19:27:41+00:00,1.09934071,1.09954686,1.09820363,1.09846124
2026-09-23T19:28:41+00:00,1.09846124,1.09881764,1.09824285,1.09868093
2026-09-23T19:29:41+00:00,1.09868093,1.09876695,1.09823414,1.09824146
2026-09-23T19:30:41+00:00,1.09824146,1.09943091,1.09807438,1.09912005
2026-09-23T19:31:41+00:00,1.09912005,1.09921082,1.09852950,1.09890023
2026-09-23T19:32:41+00:00,1.09890023,1.09995235,1.09888773,1.09977935
2026-09-23T19:33:41+00:00,1.09977935,1.09981693,1.09867442,1.09889953
2026-09-23T19:34:41+00:00,1.09889953,1.09923443,1.09746846,1.09802041
2026-09-23T19:35:41+00:00,1.09802041,1.09806806,1.09701729,1.09714199
2026-09-23T19:36:41+00:00,1.09714199,1.09771396,1.09710675,1.09758085
2026-09-23T19:37:41+00:00,1.09758085,1.09784826,1.09729071,1.09780037
2026-09-23T19:38:41+00:00,1.09780037,1.09806417,1.09726946,1.09736125
2026-09-23T19:39:41+00:00,1.09736125,1.09805159,1.09717050,1.09780019
2026-09-23T19:40:41+00:00,1.09780019,1.09882865,1.09752452,1.09867843
2026-09-23T19:41:41+00:00,1.09867843,1.09887625,1.09844792,1.09845869
2026-09-23T19:42:41+00:00,1.09845869,1.09897479,1.09835704,1.09889807
2026-09-23T19:43:41+00:00,1.09889807,1.09914725,1.09839142,1.09845851
2026-09-23T19:44:41+00:00,1.09845851,1.09962830,1.09792842,1.09933728
2026-09-23T19:45:41+00:00,1.09933728,1.09984486,1.09916845,1.09977701
2026-09-23T19:46:41+00:00,1.09977701,1.10022847,1.09943804,1.10021692
2026-09-23T19:47:41+00:00,1.10021692,1.10136674,1.10016763,1.10109709
2026-09-23T19:48:41+00:00,1.10109709,1.10147912,1.10103721,1.10131731
2026-09-23T19:49:41+00:00,1.10131731,1.10195792,1.10122926,1.10175784
2026-09-23T19:50:41+00:00,1.10175784,1.10206029,1.10061245,1.10087643
2026-09-23T19:51:41+00:00,1.10087643,1.10097301,1.10018682,1.10043608
2026-09-23T19:52:41+00:00,1.10043608,1.10138939,1.10031062,1.10131643
2026-09-23T19:53:41+00:00,1.10131643,1.10155816,1.10043062,1.10043538
2026-09-23T19:54:41+00:00,1.10043538,1.10070978,1.09943408,1.09955503
2026-09-23T19:55:41+00:00,1.09955503,1.09966724,1.09906625,1.09911521
2026-09-23T19:56:41+00:00,1.09911521,1.09935260,1.09866370,1.09867556
2026-09-23T19:57:41+00:00,1.09867556,1.09907827,1.09852603,1.09889530
2026-09-23T19:58:41+00:00,1.09889530,1.09913565,1.09797305,1.09801618
2026-09-23T19:59:41+00:00,1.09801618,1.09812462,1.09738982,1.09757697
2026-09-23T20:00:41+00:00,1.09757697,1.09792735,1.09707376,1.09713794
2026-09-23T20:01:41+00:00,1.09713794,1.09742985,1.09676710,1.09735737
2026-09-23T20:02:41+00:00,1.09735737,1.09739736,1.09637892,1.09647948
2026-09-23T20:03:41+00:00,1.09647948,1.09790398,1.09632365,1.09735666
2026-09-23T20:04:41+00:00,1.09735666,1.09792879,1.09695919,1.09779560
2026-09-23T20:05:41+00:00,1.09779560,1.09813523,1.09755626,1.09757604
2026-09-23T20:06:41+00:00,1.09757604,1.09786004,1.09734051,1.09735652
2026-09-23T20:07:41+00:00,1.09735652,1.09843626,1.09727392,1.09823441
2026-09-23T20:08:41+00:00,1.09823441,1.09867851,1.09795591,1.09867370
2026-09-23T20:09:41+00:00,1.09867370,1.09912476,1.09841398,1.09911317
2026-09-23T20:10:41+00:00,1.09911317,1.09932610,1.09886818,1.09889335
2026-09-23T20:11:41+00:00,1.09889335,1.09991422,1.09885196,1.09977246
2026-09-23T20:12:41+00:00,1.09977246,1.10098880,1.09971736,1.10065228
2026-09-23T20:13:41+00:00,1.10065228,1.10092374,1.10042356,1.10087241
2026-09-23T20:14:41+00:00,1.10087241,1.10158913,1.10066795,1.10131276
2026-09-23T20:15:41+00:00,1.10131276,1.10152931,1.10039016,1.10087223
2026-09-23T20:16:41+00:00,1.10087223,1.10133132,1.10033526,1.10065206
2026-09-23T20:17:41+00:00,1.10065206,1.10131041,1.10049812,1.10109232
2026-09-23T20:18:41+00:00,1.10109232,1.10137374,1.10048075,1.10065188
2026-09-23T20:19:41+00:00,1.10065188,1.10114081,1.10042458,1.10109214
2026-09-23T20:20:41+00:00,1.10109214,1.10119483,1.10009028,1.10021127
2026-09-23T20:21:41+00:00,1.10021127,1.10033801,1.09973347,1.09999123
2026-09-23T20:22:41+00:00,1.09999123,1.10013675,1.09901357,1.09911124
2026-09-23T20:23:41+00:00,1.09911124,1.09932519,1.09789667,1.09823195
2026-09-23T20:24:41+00:00,1.09823195,1.09925504,1.09794725,1.09911054
2026-09-23T20:25:41+00:00,1.09911054,1.09923097,1.09860190,1.09867090
2026-09-23T20:26:41+00:00,1.09867090,1.09876371,1.09740735,1.09779196
2026-09-23T20:27:41+00:00,1.09779196,1.09801316,1.09773342,1.09801152
2026-09-23T20:28:41+00:00,1.09801152,1.09880498,1.09771239,1.09845072
2026-09-23T20:29:41+00:00,1.09845072,1.09857164,1.09702592,1.09757196
2026-09-23T20:30:41+00:00,1.09757196,1.09781444,1.09701611,1.09713293
2026-09-23T20:31:41+00:00,1.09713293,1.09720245,1.09673797,1.09691350
2026-09-23T20:32:41+00:00,1.09691350,1.09706955,1.09593650,1.09603597
2026-09-23T20:33:41+00:00,1.09603597,1.09629302,1.09554537,1.09559756
2026-09-23T20:34:41+00:00,1.09559756,1.09602889,1.09518768,1.09537844
2026-09-23T20:35:41+00:00,1.09537844,1.09634729,1.09526633,1.09625474
2026-09-23T20:36:41+00:00,1.09625474,1.09658343,1.09536602,1.09537774
2026-09-23T20:37:41+00:00,1.09537774,1.09567800,1.09514685,1.09515866
2026-09-23T20:38:41+00:00,1.09515866,1.09561809,1.09494917,1.09537769
2026-09-23T20:39:41+00:00,1.09537769,1.09625968,1.09500176,1.09625399
2026-09-23T20:40:41+00:00,1.09625399,1.09642434,1.09524363,1.09537699
2026-09-23T20:41:41+00:00,1.09537699,1.09590222,1.09492758,1.09559607
2026-09-23T20:42:41+00:00,1.09559607,1.09651915,1.09542495,1.09647255
2026-09-23T20:43:41+00:00,1.09647255,1.09680430,1.09630221,1.09669184
2026-09-23T20:44:41+00:00,1.09669184,1.09690281,1.09582452,1.09625316
2026-09-23T20:45:41+00:00,1.09625316,1.09672845,1.09605394,1.09647241
2026-09-23T20:46:41+00:00,1.09647241,1.09684233,1.09643246,1.09669170
2026-09-23T20:47:41+00:00,1.09669170,1.09710405,1.09664212,1.09691104
2026-09-23T20:48:41+00:00,1.09691104,1.09692254,1.09588198,1.09603351
2026-09-23T20:49:41+00:00,1.09603351,1.09607575,1.09562599,1.09581430
2026-09-23T20:50:41+00:00,1.09581430,1.09605502,1.09534298,1.09537597
